簡體字,正體字,非對稱簡繁字
卜,"['卜', '蔔']",True
叉,['叉'],False
一,['一'],False
又,['又'],False
口,['口'],False
乙,['乙'],False
土,['土'],False
三,['三'],False
士,['士'],False
丁,['丁'],False
下,['下'],False
夕,['夕'],False
七,['七'],False
丈,['丈'],False
大,['大'],False
乃,"['乃', '迺']",True
上,['上'],False
女,['女'],False
九,['九'],False
丫,['丫'],False
子,['子'],False
了,"['了', '瞭']",True
丸,['丸'],False
孑,['孑'],False
二,['二'],False
凡,['凡'],False
孓,['孓'],False
人,['人'],False
久,['久'],False
寸,['寸'],False
入,['入'],False
么,"['么', '麼']",True
小,['小'],False
八,['八'],False
也,['也'],False
尸,"['尸', '屍']",True
几,"['几', '幾']",True
乞,['乞'],False
山,['山'],False
刀,['刀'],False
于,['于'],False
川,['川'],False
刁,['刁'],False
亡,['亡'],False
工,['工'],False
力,['力'],False
兀,['兀'],False
己,['己'],False
匕,['匕'],False
刃,['刃'],False
已,['已'],False
十,['十'],False
千,"['千', '韆']",True
巳,['巳'],False
巾,['巾'],False
仃,['仃'],False
勾,['勾'],False
干,"['干', '乾', '幹']",True
仆,"['仆', '僕']",True
勿,['勿'],False
弓,['弓'],False
仇,['仇'],False
化,['化'],False
才,['才'],False
仍,['仍'],False
匹,['匹'],False
今,['今'],False
午,['午'],False
丑,"['丑', '醜']",True
介,['介'],False
升,['升'],False
丐,['丐'],False
仄,['仄'],False
卅,['卅'],False
不,['不'],False
元,['元'],False
卞,['卞'],False
中,['中'],False
允,['允'],False
厄,['厄'],False
丹,['丹'],False
内,['內'],False
友,['友'],False
之,['之'],False
六,['六'],False
及,['及'],False
尹,['尹'],False
兮,['兮'],False
反,['反'],False
予,['予'],False
公,['公'],False
壬,['壬'],False
云,"['云', '雲']",True
冗,['冗'],False
天,['天'],False
井,['井'],False
凶,"['凶', '兇']",True
夫,"['夫', '伕']",True
互,['互'],False
分,['分'],False
太,['太'],False
五,['五'],False
切,['切'],False
夭,['夭'],False
仁,['仁'],False
刈,['刈'],False
孔,['孔'],False
什,['什'],False
匀,['勻'],False
少,['少'],False
尤,['尤'],False
曰,['曰'],False
王,['王'],False
尺,['尺'],False
月,['月'],False
屯,['屯'],False
木,['木'],False
丙,['丙'],False
巴,['巴'],False
欠,['欠'],False
世,['世'],False
幻,['幻'],False
止,['止'],False
丕,['丕'],False
廿,['廿'],False
歹,['歹'],False
且,['且'],False
吊,"['弔', '吊']",True
毋,['毋'],False
丘,['丘'],False
引,['引'],False
比,['比'],False
主,['主'],False
心,['心'],False
毛,['毛'],False
乍,['乍'],False
戈,['戈'],False
氏,['氏'],False
乏,['乏'],False
户,['戶'],False
水,['水'],False
乎,['乎'],False
手,['手'],False
火,['火'],False
以,['以'],False
扎,"['扎', '紮']",True
爪,['爪'],False
付,['付'],False
支,['支'],False
父,['父'],False
仔,['仔'],False
文,['文'],False
爻,['爻'],False
仕,['仕'],False
斗,"['斗', '鬥']",True
片,['片'],False
他,['他'],False
斤,['斤'],False
牙,['牙'],False
仗,['仗'],False
方,['方'],False
牛,['牛'],False
代,['代'],False
日,['日'],False
犬,['犬'],False
令,['令'],False
仙,['仙'],False
卉,['卉'],False
史,['史'],False
仞,['仞'],False
卡,['卡'],False
叱,['叱'],False
仟,['仟'],False
占,"['占', '佔']",True
台,"['台', '臺', '颱']",True
充,['充'],False
卯,['卯'],False
句,['句'],False
兄,['兄'],False
卮,['卮'],False
叭,['叭'],False
冉,['冉'],False
去,['去'],False
四,['四'],False
册,['冊'],False
可,['可'],False
囚,['囚'],False
冬,"['冬', '鼕']",True
古,['古'],False
外,['外'],False
凹,['凹'],False
右,['右'],False
央,['央'],False
出,"['出', '齣']",True
召,['召'],False
失,['失'],False
凸,['凸'],False
叮,['叮'],False
奴,['奴'],False
刊,['刊'],False
叩,['叩'],False
奶,['奶'],False
加,['加'],False
叨,['叨'],False
孕,['孕'],False
功,['功'],False
叼,['叼'],False
它,['它'],False
包,['包'],False
司,['司'],False
尼,['尼'],False
匆,['匆'],False
叵,['叵'],False
巨,['巨'],False
北,['北'],False
叫,['叫'],False
巧,['巧'],False
匝,['匝'],False
另,['另'],False
左,['左'],False
半,['半'],False
只,"['只', '隻']",True
市,['市'],False
布,['布'],False
母,['母'],False
申,['申'],False
平,['平'],False
民,['民'],False
疋,['疋'],False
幼,['幼'],False
氐,['氐'],False
白,['白'],False
弁,['弁'],False
永,['永'],False
皮,['皮'],False
弘,['弘'],False
汁,['汁'],False
皿,['皿'],False
弗,['弗'],False
汀,['汀'],False
目,['目'],False
必,['必'],False
泛,"['氾', '泛']",True
矛,['矛'],False
戊,['戊'],False
犯,['犯'],False
矢,['矢'],False
打,['打'],False
玄,['玄'],False
石,['石'],False
扔,['扔'],False
玉,['玉'],False
示,['示'],False
扒,['扒'],False
瓜,['瓜'],False
禾,['禾'],False
斥,['斥'],False
瓦,['瓦'],False
穴,['穴'],False
旦,['旦'],False
甘,['甘'],False
立,['立'],False
朮,['朮'],False
生,['生'],False
本,['本'],False
用,['用'],False
丞,['丞'],False
未,['未'],False
甩,['甩'],False
丢,['丟'],False
末,['末'],False
田,['田'],False
乒,['乒'],False
札,['札'],False
由,['由'],False
乓,['乓'],False
正,['正'],False
甲,['甲'],False
乩,['乩'],False
亘,['亙'],False
企,['企'],False
吉,['吉'],False
交,['交'],False
光,['光'],False
吏,['吏'],False
亦,['亦'],False
同,['同'],False
亥,['亥'],False
兆,['兆'],False
仿,"['仿', '倣']",True
先,['先'],False
吐,['吐'],False
伉,['伉'],False
全,['全'],False
吁,"['吁', '籲']",True
伙,"['伙', '夥']",True
共,['共'],False
吋,['吋'],False
伊,['伊'],False
再,['再'],False
各,['各'],False
冰,['冰'],False
向,"['向', '嚮']",True
伍,['伍'],False
列,['列'],False
名,['名'],False
伐,['伐'],False
刑,['刑'],False
合,"['合', '閤']",True
休,['休'],False
划,"['划', '劃']",True
吃,['吃'],False
伏,['伏'],False
刎,['刎'],False
后,"['后', '後']",True
仲,['仲'],False
劣,['劣'],False
吆,['吆'],False
件,['件'],False
匈,['匈'],False
咤,['吒'],False
任,['任'],False
匡,['匡'],False
因,['因'],False
仰,['仰'],False
匠,['匠'],False
回,"['回', '迴']",True
仳,['仳'],False
印,['印'],False
圳,['圳'],False
份,['份'],False
危,['危'],False
地,['地'],False
在,['在'],False
宅,['宅'],False
托,"['托', '託']",True
圭,['圭'],False
安,['安'],False
收,['收'],False
圬,['圬'],False
寺,['寺'],False
早,['早'],False
圯,['圯'],False
尖,['尖'],False
旨,['旨'],False
夙,['夙'],False
屹,['屹'],False
旬,['旬'],False
多,['多'],False
州,['州'],False
旭,['旭'],False
夷,['夷'],False
帆,['帆'],False
曲,['曲'],False
夸,"['夸', '誇']",True
并,"['并', '並', '併']",True
曳,['曳'],False
妄,['妄'],False
年,['年'],False
有,['有'],False
奸,"['奸', '姦']",True
式,['式'],False
朽,['朽'],False
妃,['妃'],False
弛,['弛'],False
朴,"['朴', '樸']",True
好,['好'],False
忙,['忙'],False
朱,"['朱', '硃']",True
她,['她'],False
忖,['忖'],False
朵,['朵'],False
如,['如'],False
戎,['戎'],False
次,['次'],False
妁,['妁'],False
戌,['戌'],False
此,['此'],False
字,['字'],False
戍,['戍'],False
死,['死'],False
存,['存'],False
成,['成'],False
氖,['氖'],False
宇,['宇'],False
扣,"['扣', '釦']",True
汝,['汝'],False
守,['守'],False
扛,['扛'],False
汗,['汗'],False
污,['汙'],False
耳,['耳'],False
西,['西'],False
江,['江'],False
聿,['聿'],False
阡,['阡'],False
池,['池'],False
肉,['肉'],False
汐,['汐'],False
肋,['肋'],False
串,['串'],False
汕,['汕'],False
肌,['肌'],False
亨,['亨'],False
灰,['灰'],False
臣,['臣'],False
位,['位'],False
牟,['牟'],False
自,['自'],False
住,['住'],False
牝,['牝'],False
至,['至'],False
伫,['佇'],False
百,['百'],False
臼,['臼'],False
佗,['佗'],False
竹,['竹'],False
舌,['舌'],False
佞,['佞'],False
米,['米'],False
舛,['舛'],False
伴,['伴'],False
糸,['糸'],False
舟,['舟'],False
佛,"['佛', '彿']",True
缶,['缶'],False
艮,['艮'],False
何,['何'],False
羊,['羊'],False
色,['色'],False
估,['估'],False
羽,['羽'],False
艾,['艾'],False
佐,['佐'],False
老,['老'],False
虫,"['虫', '蟲']",True
佑,['佑'],False
考,['考'],False
血,['血'],False
伽,['伽'],False
而,['而'],False
行,['行'],False
伺,['伺'],False
耒,['耒'],False
衣,['衣'],False
伸,['伸'],False
佃,['佃'],False
别,"['別', '彆']",True
呆,['呆'],False
判,['判'],False
呃,['呃'],False
似,['似'],False
利,['利'],False
吴,['吳'],False
但,['但'],False
删,['刪'],False
呈,['呈'],False
佣,"['佣', '傭']",True
刨,"['刨', '鉋']",True
吕,['呂'],False
作,['作'],False
劫,['劫'],False
君,['君'],False
你,['你'],False
助,['助'],False
吩,['吩'],False
伯,['伯'],False
努,['努'],False
告,['告'],False
低,['低'],False
劬,['劬'],False
吹,['吹'],False
伶,['伶'],False
匣,['匣'],False
吻,['吻'],False
余,"['余', '餘']",True
即,['即'],False
吸,['吸'],False
佝,['佝'],False
卵,['卵'],False
吮,['吮'],False
兑,['兌'],False
吝,['吝'],False
吵,['吵'],False
克,"['克', '剋']",True
吭,['吭'],False
吶,['吶'],False
兕,['兕'],False
吞,['吞'],False
吠,['吠'],False
免,['免'],False
吾,['吾'],False
吼,['吼'],False
兵,['兵'],False
否,['否'],False
呀,['呀'],False
冶,['冶'],False
呎,['呎'],False
吱,['吱'],False
冷,['冷'],False
吧,['吧'],False
含,['含'],False
吟,['吟'],False
妣,['妣'],False
岐,['岐'],False
囱,['囪'],False
妙,['妙'],False
岑,['岑'],False
困,"['困', '睏']",True
妖,['妖'],False
岔,['岔'],False
囤,['囤'],False
妍,['妍'],False
岌,['岌'],False
坊,['坊'],False
妤,['妤'],False
巫,['巫'],False
坑,['坑'],False
妓,['妓'],False
希,['希'],False
址,['址'],False
妊,['妊'],False
序,['序'],False
坍,['坍'],False
妥,['妥'],False
庇,['庇'],False
均,['均'],False
孝,['孝'],False
床,['床'],False
坎,['坎'],False
孜,['孜'],False
廷,['廷'],False
圾,['圾'],False
孚,['孚'],False
弄,['弄'],False
坐,['坐'],False
完,['完'],False
弟,['弟'],False
坏,"['坏', '壞']",True
宋,['宋'],False
彤,['彤'],False
壮,['壯'],False
宏,['宏'],False
形,['形'],False
夹,['夾'],False
尬,['尬'],False
彷,"['彷', '徬']",True
妆,['妝'],False
局,"['局', '跼']",True
役,['役'],False
妒,['妒'],False
屁,['屁'],False
忘,['忘'],False
妨,['妨'],False
尿,['尿'],False
忌,['忌'],False
妞,['妞'],False
尾,['尾'],False
志,"['志', '誌']",True
忍,['忍'],False
折,"['折', '摺']",True
每,['每'],False
忱,['忱'],False
扮,['扮'],False
求,['求'],False
快,['快'],False
投,['投'],False
汞,['汞'],False
戒,['戒'],False
抓,['抓'],False
沙,['沙'],False
我,['我'],False
抑,['抑'],False
沁,['沁'],False
抄,['抄'],False
改,['改'],False
沈,"['沈', '瀋']",True
抗,['抗'],False
攻,['攻'],False
沉,['沉'],False
抖,['抖'],False
旱,['旱'],False
沅,['沅'],False
技,['技'],False
更,['更'],False
沛,['沛'],False
扶,['扶'],False
束,['束'],False
汪,['汪'],False
抉,['抉'],False
李,['李'],False
决,['決'],False
扭,['扭'],False
杏,['杏'],False
沐,['沐'],False
把,['把'],False
材,['材'],False
汰,['汰'],False
扼,['扼'],False
村,['村'],False
沌,['沌'],False
找,['找'],False
杜,['杜'],False
汨,['汨'],False
批,['批'],False
杖,['杖'],False
冲,"['沖', '衝']",True
扳,['扳'],False
杞,['杞'],False
没,['沒'],False
抒,['抒'],False
杉,['杉'],False
汽,['汽'],False
扯,['扯'],False
步,['步'],False
沃,['沃'],False
汲,['汲'],False
私,['私'],False
言,['言'],False
汾,['汾'],False
秀,['秀'],False
谷,"['谷', '穀']",True
灶,['灶'],False
秃,['禿'],False
豆,['豆'],False
灼,['灼'],False
究,['究'],False
豕,['豕'],False
灾,['災'],False
系,"['系', '係', '繫']",True
贝,['貝'],False
灸,['灸'],False
罕,['罕'],False
赤,['赤'],False
牢,['牢'],False
肖,['肖'],False
走,['走'],False
牡,['牡'],False
肓,['肓'],False
足,['足'],False
牠,['牠'],False
肝,['肝'],False
身,['身'],False
狄,['狄'],False
肘,['肘'],False
车,['車'],False
狂,['狂'],False
肛,['肛'],False
辛,['辛'],False
玖,['玖'],False
肚,['肚'],False
辰,['辰'],False
甬,['甬'],False
育,['育'],False
迂,['迂'],False
甫,['甫'],False
良,['良'],False
迤,['迆'],False
男,['男'],False
芒,['芒'],False
迅,['迅'],False
甸,['甸'],False
芋,['芋'],False
迄,['迄'],False
皂,['皂'],False
芍,['芍'],False
巡,['巡'],False
盯,['盯'],False
见,['見'],False
邑,['邑'],False
矣,['矣'],False
角,['角'],False
邢,['邢'],False
邪,['邪'],False
依,['依'],False
两,['兩'],False
邦,['邦'],False
侍,['侍'],False
具,['具'],False
那,['那'],False
佳,['佳'],False
其,['其'],False
酉,['酉'],False
使,['使'],False
典,['典'],False
里,"['里', '裡']",True
佬,['佬'],False
冽,['冽'],False
防,['防'],False
供,['供'],False
函,['函'],False
阮,['阮'],False
例,['例'],False
刻,['刻'],False
阱,['阱'],False
来,['來'],False
券,['券'],False
阪,['阪'],False
侃,['侃'],False
刷,['刷'],False
佰,['佰'],False
刺,['刺'],False
到,['到'],False
乖,['乖'],False
侈,['侈'],False
刮,"['刮', '颳']",True
乳,['乳'],False
佩,"['佩', '珮']",True
制,"['制', '製']",True
事,['事'],False
佻,['佻'],False
剁,['剁'],False
些,['些'],False
仑,"['侖', '崙']",True
劾,['劾'],False
亚,['亞'],False
佾,['佾'],False
卒,['卒'],False
享,['享'],False
侏,['侏'],False
协,['協'],False
京,['京'],False
兔,['兔'],False
卓,['卓'],False
佯,['佯'],False
儿,['兒'],False
卑,['卑'],False
卦,['卦'],False
咐,['咐'],False
夜,['夜'],False
卷,"['卷', '捲']",True
呱,['呱'],False
奉,['奉'],False
卸,['卸'],False
呶,['呶'],False
奇,['奇'],False
恤,"['卹', '恤']",True
和,['和'],False
奈,['奈'],False
取,['取'],False
咚,['咚'],False
奄,['奄'],False
叔,['叔'],False
呢,['呢'],False
奔,['奔'],False
受,['受'],False
周,"['周', '週']",True
妾,['妾'],False
味,['味'],False
咋,['咋'],False
妻,['妻'],False
呵,['呵'],False
命,['命'],False
委,['委'],False
咖,['咖'],False
咎,['咎'],False
妹,['妹'],False
呸,['呸'],False
固,['固'],False
妮,['妮'],False
咕,['咕'],False
垃,['垃'],False
姑,['姑'],False
咀,['咀'],False
坷,['坷'],False
姆,['姆'],False
呻,['呻'],False
坪,['坪'],False
姐,['姐'],False
呷,['呷'],False
坩,['坩'],False
姗,['姍'],False
咄,['咄'],False
坡,['坡'],False
始,['始'],False
咒,['咒'],False
坦,['坦'],False
姓,['姓'],False
咆,['咆'],False
坤,['坤'],False
姊,['姊'],False
呼,['呼'],False
坼,['坼'],False
妯,['妯'],False
妳,['妳'],False
岫,['岫'],False
往,['往'],False
姒,['姒'],False
岱,['岱'],False
征,"['征', '徵']",True
孟,['孟'],False
岳,"['岳', '嶽']",True
孤,['孤'],False
帘,"['帘', '簾']",True
彼,['彼'],False
季,['季'],False
帚,['帚'],False
忝,['忝'],False
宗,['宗'],False
帖,['帖'],False
忠,['忠'],False
定,['定'],False
帕,['帕'],False
忽,['忽'],False
官,['官'],False
帛,['帛'],False
念,"['念', '唸']",True
宜,['宜'],False
帑,['帑'],False
忿,['忿'],False
宙,['宙'],False
幸,"['幸', '倖']",True
怏,['怏'],False
宛,['宛'],False
庚,['庚'],False
怔,['怔'],False
尚,['尚'],False
店,['店'],False
怯,['怯'],False
屈,['屈'],False
府,['府'],False
怵,['怵'],False
居,['居'],False
底,['底'],False
怖,['怖'],False
届,['屆'],False
庖,['庖'],False
怪,['怪'],False
岷,['岷'],False
延,['延'],False
怕,['怕'],False
冈,['岡'],False
弦,"['弦', '絃']",True
怡,['怡'],False
岸,['岸'],False
弧,['弧'],False
性,['性'],False
岩,"['岩', '巖']",True
弩,['弩'],False
或,['或'],False
戕,['戕'],False
抽,['抽'],False
昔,['昔'],False
房,['房'],False
押,['押'],False
易,['易'],False
戾,['戾'],False
拐,"['拐', '枴']",True
昌,['昌'],False
所,['所'],False
拙,['拙'],False
昆,"['昆', '崑']",True
承,['承'],False
拇,['拇'],False
昂,['昂'],False
拉,['拉'],False
拍,['拍'],False
明,['明'],False
拌,['拌'],False
抵,"['抵', '牴']",True
昀,['昀'],False
拄,['拄'],False
拚,['拚'],False
昏,['昏'],False
抿,['抿'],False
抱,['抱'],False
服,['服'],False
拂,['拂'],False
拘,['拘'],False
朋,['朋'],False
抹,['抹'],False
拖,['拖'],False
杭,['杭'],False
拒,['拒'],False
拗,['拗'],False
枋,['枋'],False
招,['招'],False
拆,['拆'],False
枕,['枕'],False
披,['披'],False
抬,['抬'],False
东,['東'],False
拓,['拓'],False
拎,['拎'],False
果,['果'],False
拔,['拔'],False
放,['放'],False
杳,['杳'],False
抛,['拋'],False
斧,['斧'],False
杷,['杷'],False
拈,['拈'],False
於,['於'],False
枇,['枇'],False
抨,['抨'],False
旺,['旺'],False
枝,['枝'],False
林,['林'],False
沱,['沱'],False
沿,['沿'],False
杯,"['杯', '盃']",True
泌,['泌'],False
治,['治'],False
杰,"['杰', '傑']",True
泥,['泥'],False
泡,['泡'],False
板,"['板', '闆']",True
河,['河'],False
枉,['枉'],False
沽,['沽'],False
泊,['泊'],False
松,"['松', '鬆']",True
沾,"['沾', '霑']",True
炕,['炕'],False
析,['析'],False
沼,['沼'],False
炎,['炎'],False
杵,['杵'],False
波,['波'],False
炒,['炒'],False
枚,['枚'],False
沫,['沫'],False
炊,['炊'],False
欣,['欣'],False
法,['法'],False
炙,['炙'],False
武,['武'],False
泓,['泓'],False
爬,['爬'],False
歧,['歧'],False
沸,['沸'],False
争,['爭'],False
殁,['歿'],False
泄,['泄'],False
爸,['爸'],False
毒,['毒'],False
油,['油'],False
版,['版'],False
氓,['氓'],False
况,['況'],False
牧,['牧'],False
氛,['氛'],False
沮,['沮'],False
物,['物'],False
泣,['泣'],False
泗,['泗'],False
状,['狀'],False
注,"['注', '註']",True
泅,['泅'],False
狎,['狎'],False
泳,['泳'],False
泱,['泱'],False
狙,['狙'],False
狗,['狗'],False
秉,['秉'],False
卧,['臥'],False
狐,['狐'],False
空,['空'],False
臾,['臾'],False
玩,['玩'],False
穹,['穹'],False
舍,"['舍', '捨']",True
珏,['玨'],False
竺,['竺'],False
芳,['芳'],False
玟,['玟'],False
纠,['糾'],False
芝,['芝'],False
玫,['玫'],False
罔,['罔'],False
芙,['芙'],False
甽,['甽'],False
羌,['羌'],False
芭,['芭'],False
疝,['疝'],False
芈,['羋'],False
芽,['芽'],False
疙,['疙'],False
者,['者'],False
芟,['芟'],False
疚,['疚'],False
肺,['肺'],False
芹,['芹'],False
的,['的'],False
肥,['肥'],False
花,['花'],False
盂,['盂'],False
肢,['肢'],False
芬,['芬'],False
盲,['盲'],False
肱,['肱'],False
芥,['芥'],False
直,['直'],False
股,['股'],False
虎,['虎'],False
知,['知'],False
肫,['肫'],False
虱,"['虱', '蝨']",True
矽,['矽'],False
肩,['肩'],False
初,['初'],False
社,['社'],False
肴,['肴'],False
表,"['表', '錶']",True
祀,['祀'],False
肪,['肪'],False
轧,['軋'],False
祁,['祁'],False
肯,['肯'],False
迎,['迎'],False
返,['返'],False
亭,['亭'],False
近,['近'],False
亮,['亮'],False
俚,['俚'],False
邵,['邵'],False
信,['信'],False
俎,['俎'],False
邸,['邸'],False
侵,['侵'],False
俞,['俞'],False
邱,['邱'],False
侯,['侯'],False
兖,['兗'],False
采,"['采', '採']",True
便,['便'],False
冒,['冒'],False
金,['金'],False
侠,['俠'],False
冑,['冑'],False
长,['長'],False
俑,['俑'],False
冠,['冠'],False
门,['門'],False
俏,['俏'],False
剎,['剎'],False
阜,['阜'],False
保,['保'],False
剃,['剃'],False
陀,['陀'],False
促,['促'],False
削,['削'],False
阿,['阿'],False
侣,['侶'],False
前,['前'],False
阻,['阻'],False
俘,['俘'],False
剌,['剌'],False
附,['附'],False
俟,['俟'],False
雨,['雨'],False
俊,['俊'],False
则,['則'],False
青,['青'],False
俗,['俗'],False
勇,['勇'],False
非,['非'],False
侮,['侮'],False
勉,['勉'],False
俐,['俐'],False
勃,['勃'],False
亟,['亟'],False
俄,['俄'],False
劲,['勁'],False
匍,['匍'],False
哈,['哈'],False
姿,['姿'],False
南,['南'],False
咯,['咯'],False
姣,['姣'],False
却,['卻'],False
咫,['咫'],False
姨,['姨'],False
厚,['厚'],False
咱,"['咱', '偺']",True
娃,['娃'],False
叛,['叛'],False
咻,['咻'],False
姥,['姥'],False
咬,['咬'],False
垂,['垂'],False
侄,['姪'],False
哀,['哀'],False
型,['型'],False
姚,['姚'],False
咨,['咨'],False
垠,['垠'],False
哎,['哎'],False
垣,['垣'],False
威,['威'],False
哉,['哉'],False
垢,['垢'],False
姻,['姻'],False
咸,"['咸', '鹹']",True
城,['城'],False
孩,['孩'],False
咦,['咦'],False
垮,['垮'],False
宣,['宣'],False
咳,['咳'],False
奕,['奕'],False
宦,['宦'],False
哇,['哇'],False
契,['契'],False
室,['室'],False
哂,['哂'],False
奏,['奏'],False
客,['客'],False
咽,"['咽', '嚥']",True
奎,['奎'],False
宥,['宥'],False
咪,['咪'],False
奂,['奐'],False
封,['封'],False
品,['品'],False
姜,"['姜', '薑']",True
屎,['屎'],False
哄,"['哄', '鬨']",True
姘,['姘'],False
屏,['屏'],False
怒,['怒'],False
按,['按'],False
屋,['屋'],False
思,['思'],False
拼,['拼'],False
峙,['峙'],False
怠,['怠'],False
拭,['拭'],False
巷,['巷'],False
急,['急'],False
持,['持'],False
帝,['帝'],False
怎,['怎'],False
拮,['拮'],False
帅,['帥'],False
怨,['怨'],False
拽,['拽'],False
幽,['幽'],False
恍,['恍'],False
指,['指'],False
庠,['庠'],False
恰,['恰'],False
拱,['拱'],False
度,['度'],False
恨,['恨'],False
拷,['拷'],False
建,['建'],False
恢,['恢'],False
拯,['拯'],False
弈,['弈'],False
恒,['恆'],False
括,['括'],False
弭,['弭'],False
恃,['恃'],False
拾,['拾'],False
彦,['彥'],False
恬,['恬'],False
拴,['拴'],False
很,['很'],False
恫,['恫'],False
挑,['挑'],False
待,['待'],False
恪,['恪'],False
政,['政'],False
徊,['徊'],False
故,['故'],False
律,['律'],False
扁,['扁'],False
斫,['斫'],False
徇,['徇'],False
拜,['拜'],False
施,['施'],False
挖,['挖'],False
既,['既'],False
春,['春'],False
柄,['柄'],False
流,['流'],False
昭,['昭'],False
柑,['柑'],False
津,['津'],False
映,['映'],False
洌,['洌'],False
昧,['昧'],False
柚,['柚'],False
洱,['洱'],False
是,['是'],False
查,['查'],False
洞,['洞'],False
星,['星'],False
枸,['枸'],False
洗,['洗'],False
昨,['昨'],False
柏,['柏'],False
活,['活'],False
曷,['曷'],False
柞,['柞'],False
洽,['洽'],False
柿,['柿'],False
柳,['柳'],False
派,['派'],False
染,['染'],False
歪,['歪'],False
汹,['洶'],False
柱,['柱'],False
殃,['殃'],False
洛,['洛'],False
柔,['柔'],False
殆,['殆'],False
炫,['炫'],False
某,['某'],False
段,['段'],False
为,['為'],False
柬,['柬'],False
毗,['毗'],False
炳,['炳'],False
架,['架'],False
氟,['氟'],False
炬,['炬'],False
枯,['枯'],False
泉,['泉'],False
炯,['炯'],False
栅,['柵'],False
洋,['洋'],False
炭,['炭'],False
柩,['柩'],False
洲,['洲'],False
炸,['炸'],False
柯,['柯'],False
洪,['洪'],False
炮,['炮'],False
爰,['爰'],False
疤,['疤'],False
砌,['砌'],False
牲,['牲'],False
疥,['疥'],False
砍,['砍'],False
牯,['牯'],False
癸,['癸'],False
祆,['祆'],False
皆,['皆'],False
祉,['祉'],False
狩,['狩'],False
皇,['皇'],False
祈,['祈'],False
狠,['狠'],False
皈,['皈'],False
祇,['祇'],False
狡,['狡'],False
盈,['盈'],False
禹,['禹'],False
玷,['玷'],False
盆,['盆'],False
科,['科'],False
珊,['珊'],False
秒,['秒'],False
玻,['玻'],False
省,['省'],False
秋,"['秋', '鞦']",True
玲,['玲'],False
盹,['盹'],False
穿,['穿'],False
珍,['珍'],False
相,['相'],False
突,['突'],False
珀,['珀'],False
眉,['眉'],False
竿,['竿'],False
玳,['玳'],False
看,['看'],False
竽,['竽'],False
甚,['甚'],False
盾,['盾'],False
纣,['紂'],False
甭,['甭'],False
盼,['盼'],False
红,['紅'],False
畏,['畏'],False
矜,['矜'],False
纪,['紀'],False
界,['界'],False
砂,['砂'],False
纫,['紉'],False
疫,['疫'],False
研,['研'],False
纥,['紇'],False
约,['約'],False
舢,['舢'],False
苓,['苓'],False
缸,['缸'],False
苎,['苧'],False
苟,['苟'],False
美,['美'],False
范,"['范', '範']",False
虐,['虐'],False
羿,['羿'],False
茅,['茅'],False
虹,['虹'],False
耐,['耐'],False
苣,['苣'],False
衍,['衍'],False
耍,['耍'],False
苛,['苛'],False
衫,['衫'],False
耶,['耶'],False
苦,['苦'],False
要,['要'],False
胖,['胖'],False
茄,['茄'],False
计,['計'],False
胥,['胥'],False
若,['若'],False
订,['訂'],False
胚,['胚'],False
茂,['茂'],False
讣,['訃'],False
胃,['胃'],False
茉,['茉'],False
贞,['貞'],False
胄,['胄'],False
苒,['苒'],False
负,['負'],False
背,['背'],False
苗,['苗'],False
赴,['赴'],False
胡,"['胡', '鬍']",True
英,['英'],False
赳,['赳'],False
胛,['胛'],False
茁,['茁'],False
趴,['趴'],False
胎,['胎'],False
苜,['苜'],False
军,['軍'],False
胞,['胞'],False
苔,['苔'],False
轨,['軌'],False
胤,['胤'],False
苑,['苑'],False
述,['述'],False
致,"['致', '緻']",False
苞,['苞'],False
迦,['迦'],False
迢,['迢'],False
韭,['韭'],False
俩,['倆'],False
迪,['迪'],False
音,['音'],False
值,['值'],False
迥,['迥'],False
页,['頁'],False
借,"['借', '藉']",True
迭,['迭'],False
风,['風'],False
倚,['倚'],False
迫,['迫'],False
飞,['飛'],False
倒,['倒'],False
郊,['郊'],False
食,['食'],False
们,['們'],False
郎,['郎'],False
首,['首'],False
俺,['俺'],False
郁,"['郁', '鬱']",True
香,['香'],False
伥,['倀'],False
酋,['酋'],False
倔,['倔'],False
酊,['酊'],False
乘,['乘'],False
倨,['倨'],False
重,['重'],False
倌,['倌'],False
俱,['俱'],False
闩,['閂'],False
倍,['倍'],False
倡,['倡'],False
限,['限'],False
个,['個'],False
陋,['陋'],False
俯,['俯'],False
候,['候'],False
陌,['陌'],False
倦,['倦'],False
倘,['倘'],False
降,['降'],False
倥,['倥'],False
俳,['俳'],False
面,"['面', '麵']",True
俸,['俸'],False
修,['修'],False
革,['革'],False
倩,['倩'],False
倭,['倭'],False
韦,['韋'],False
倪,['倪'],False
俾,['俾'],False
厝,['厝'],False
唧,['唧'],False
伦,['倫'],False
叟,['叟'],False
圃,['圃'],False
仓,['倉'],False
哨,['哨'],False
埂,['埂'],False
兼,['兼'],False
唐,['唐'],False
埔,['埔'],False
冤,['冤'],False
唁,['唁'],False
埋,['埋'],False
冥,['冥'],False
唷,['唷'],False
埃,['埃'],False
冢,"['冢', '塚']",True
哼,['哼'],False
夏,['夏'],False
冻,['凍'],False
哥,['哥'],False
套,['套'],False
凌,['凌'],False
哲,['哲'],False
奘,['奘'],False
准,"['准', '準']",True
唆,['唆'],False
奚,['奚'],False
凋,['凋'],False
哺,['哺'],False
娑,['娑'],False
剖,['剖'],False
唔,['唔'],False
娘,['娘'],False
剜,['剜'],False
哩,['哩'],False
娜,['娜'],False
剔,['剔'],False
哭,['哭'],False
娟,['娟'],False
刚,['剛'],False
员,['員'],False
娱,['娛'],False
剥,['剝'],False
唉,['唉'],False
娓,['娓'],False
匪,['匪'],False
哮,['哮'],False
姬,['姬'],False
卿,['卿'],False
哪,['哪'],False
娠,['娠'],False
原,['原'],False
哦,['哦'],False
娣,['娣'],False
娩,['娩'],False
峪,['峪'],False
恕,['恕'],False
娥,['娥'],False
峨,['峨'],False
恭,['恭'],False
娌,['娌'],False
峰,['峰'],False
恩,['恩'],False
孙,['孫'],False
岛,['島'],False
息,['息'],False
宰,['宰'],False
崁,['崁'],False
悄,['悄'],False
害,['害'],False
差,['差'],False
悟,['悟'],False
家,"['家', '傢']",True
席,"['席', '蓆']",True
悚,['悚'],False
宴,['宴'],False
师,['師'],False
悍,['悍'],False
宫,['宮'],False
库,['庫'],False
悔,['悔'],False
宵,['宵'],False
庭,['庭'],False
悌,['悌'],False
容,['容'],False
座,['座'],False
悦,['悅'],False
宸,['宸'],False
弱,['弱'],False
悖,['悖'],False
射,['射'],False
徒,['徒'],False
扇,['扇'],False
屑,['屑'],False
径,['徑'],False
拳,['拳'],False
展,['展'],False
徐,['徐'],False
挈,['挈'],False
屐,['屐'],False
恙,['恙'],False
拿,['拿'],False
峭,['峭'],False
恣,['恣'],False
捎,['捎'],False
峡,['峽'],False
耻,['恥'],False
挟,['挾'],False
峻,['峻'],False
恐,['恐'],False
振,['振'],False
捕,['捕'],False
晒,['晒'],False
栽,['栽'],False
捂,['捂'],False
晌,['晌'],False
柴,['柴'],False
捆,"['捆', '梱', '綑']",True
书,['書'],False
桐,['桐'],False
捏,['捏'],False
朔,['朔'],False
桀,['桀'],False
捉,['捉'],False
朕,['朕'],False
格,['格'],False
挺,['挺'],False
朗,['朗'],False
桃,['桃'],False
捐,['捐'],False
校,['校'],False
株,['株'],False
挽,"['挽', '輓']",True
核,['核'],False
桅,['桅'],False
挪,['挪'],False
案,['案'],False
栓,['栓'],False
挫,['挫'],False
框,['框'],False
殊,['殊'],False
挨,['挨'],False
桓,['桓'],False
殉,['殉'],False
效,['效'],False
根,['根'],False
殷,"['殷', '慇']",True
料,['料'],False
桂,['桂'],False
气,['氣'],False
旁,['旁'],False
桔,['桔'],False
氧,['氧'],False
旅,['旅'],False
栩,['栩'],False
氨,['氨'],False
时,['時'],False
梳,['梳'],False
氦,['氦'],False
晋,['晉'],False
栗,"['栗', '慄']",True
氤,['氤'],False
晏,['晏'],False
桌,['桌'],False
泰,['泰'],False
晃,['晃'],False
桑,['桑'],False
浪,['浪'],False
涕,['涕'],False
乌,['烏'],False
症,"['症', '癥']",True
消,['消'],False
爹,['爹'],False
疲,['疲'],False
泾,['涇'],False
特,['特'],False
疳,['疳'],False
浦,['浦'],False
狼,['狼'],False
疽,['疽'],False
浸,['浸'],False
狭,['狹'],False
疼,['疼'],False
海,['海'],False
狈,['狽'],False
疹,['疹'],False
浙,['浙'],False
狸,"['狸', '貍']",True
疱,['皰'],False
涓,['涓'],False
狷,['狷'],False
益,['益'],False
浬,['浬'],False
班,['班'],False
盍,['盍'],False
涉,['涉'],False
琉,['琉'],False
盎,['盎'],False
浮,['浮'],False
眩,['眩'],False
浚,"['浚', '濬']",True
珠,['珠'],False
真,['真'],False
浴,['浴'],False
畔,['畔'],False
眠,['眠'],False
浩,['浩'],False
亩,['畝'],False
眨,['眨'],False
烊,['烊'],False
畜,['畜'],False
矩,['矩'],False
烘,['烘'],False
畚,['畚'],False
砰,['砰'],False
烤,['烤'],False
留,['留'],False
砧,['砧'],False
烙,['烙'],False
疾,['疾'],False
砸,['砸'],False
烈,['烈'],False
病,['病'],False
砝,['砝'],False
破,['破'],False
窄,['窄'],False
纷,['紛'],False
砷,['砷'],False
窈,['窈'],False
缺,['缺'],False
砥,['砥'],False
站,['站'],False
罟,['罟'],False
砭,['砭'],False
笆,['笆'],False
羔,['羔'],False
祕,['祕'],False
笑,['笑'],False
翅,['翅'],False
祐,['祐'],False
粉,['粉'],False
翁,['翁'],False
祠,['祠'],False
纺,['紡'],False
耆,['耆'],False
祟,['祟'],False
纱,['紗'],False
耘,['耘'],False
祖,['祖'],False
纹,['紋'],False
耕,['耕'],False
神,['神'],False
紊,['紊'],False
耙,['耙'],False
祝,['祝'],False
素,['素'],False
耗,['耗'],False
祗,['祗'],False
索,['索'],False
耽,['耽'],False
祚,['祚'],False
纯,['純'],False
耿,['耿'],False
秤,['秤'],False
纽,['紐'],False
胱,['胱'],False
秣,['秣'],False
纰,['紕'],False
脂,['脂'],False
秧,['秧'],False
级,['級'],False
胰,['胰'],False
租,['租'],False
纭,['紜'],False
胁,['脅'],False
秦,['秦'],False
纳,['納'],False
胭,['胭'],False
秩,['秩'],False
纸,['紙'],False
胴,['胴'],False
脆,['脆'],False
茸,['茸'],False
蚣,['蚣'],False
胸,['胸'],False
荐,['荐'],False
衰,['衰'],False
胳,['胳'],False
草,['草'],False
衷,['衷'],False
脉,['脈'],False
茵,['茵'],False
袁,['袁'],False
能,['能'],False
茴,['茴'],False
袂,['袂'],False
脊,['脊'],False
荏,['荏'],False
记,['記'],False
臭,['臭'],False
兹,['茲'],False
讦,['訐'],False
臬,['臬'],False
茹,['茹'],False
讨,['討'],False
舀,['舀'],False
茶,['茶'],False
讧,['訌'],False
舐,['舐'],False
茗,['茗'],False
讪,['訕'],False
航,['航'],False
荀,['荀'],False
讯,['訊'],False
舫,['舫'],False
茱,['茱'],False
舨,['舨'],False
虔,['虔'],False
训,['訓'],False
般,['般'],False
蚊,['蚊'],False
讫,['訖'],False
刍,['芻'],False
蚪,['蚪'],False
岂,['豈'],False
茫,['茫'],False
蚓,['蚓'],False
豺,['豺'],False
荒,['荒'],False
蚤,['蚤'],False
豹,['豹'],False
荔,['荔'],False
蚩,['蚩'],False
财,['財'],False
荆,['荊'],False
蚌,['蚌'],False
贡,['貢'],False
起,['起'],False
钉,['釘'],False
躬,['躬'],False
针,['針'],False
轩,['軒'],False
钊,['釗'],False
轫,['軔'],False
釜,['釜'],False
伪,['偽'],False
辱,['辱'],False
闪,['閃'],False
停,['停'],False
送,['送'],False
院,['院'],False
假,['假'],False
逆,['逆'],False
阵,['陣'],False
偃,['偃'],False
迷,['迷'],False
陡,['陡'],False
偌,['偌'],False
退,['退'],False
陛,['陛'],False
做,['做'],False
陕,['陝'],False
伟,['偉'],False
除,['除'],False
健,['健'],False
逃,['逃'],False
偶,['偶'],False
追,['追'],False
饥,"['飢', '饑']",True
偎,['偎'],False
逅,['逅'],False
马,['馬'],False
偕,['偕'],False
邕,['邕'],False
骨,['骨'],False
侦,['偵'],False
郡,['郡'],False
高,['高'],False
侧,['側'],False
酒,['酒'],False
偷,['偷'],False
配,['配'],False
鬲,['鬲'],False
偏,['偏'],False
酌,['酌'],False
鬼,['鬼'],False
倏,['倏'],False
兜,['兜'],False
啦,['啦'],False
国,['國'],False
冕,['冕'],False
啄,['啄'],False
域,['域'],False
凰,['凰'],False
哑,['啞'],False
坚,['堅'],False
剪,['剪'],False
啡,['啡'],False
垩,['堊'],False
副,['副'],False
啃,['啃'],False
堆,['堆'],False
勒,['勒'],False
啊,['啊'],False
埠,['埠'],False
务,['務'],False
唱,['唱'],False
埤,['埤'],False
勘,['勘'],False
啖,['啖'],False
基,['基'],False
动,['動'],False
问,['問'],False
堂,['堂'],False
匐,['匐'],False
啕,['啕'],False
堵,['堵'],False
匏,['匏'],False
唯,['唯'],False
执,['執'],False
匙,['匙'],False
啤,['啤'],False
培,['培'],False
匿,['匿'],False
够,['夠'],False
区,['區'],False
售,['售'],False
奢,['奢'],False
匾,['匾'],False
啜,['啜'],False
娶,['娶'],False
参,['參'],False
唬,['唬'],False
娄,['婁'],False
曼,['曼'],False
衔,"['啣', '銜']",True
婉,['婉'],False
商,['商'],False
唳,['唳'],False
妇,['婦'],False
啪,['啪'],False
圈,['圈'],False
婪,['婪'],False
婀,['婀'],False
崆,['崆'],False
张,['張'],False
娼,['娼'],False
崎,['崎'],False
强,['強'],False
婢,['婢'],False
崛,['崛'],False
彗,['彗'],False
婚,['婚'],False
崖,['崖'],False
彬,['彬'],False
婆,['婆'],False
峥,['崢'],False
彩,"['彩', '綵']",True
婊,['婊'],False
雕,"['彫', '雕']",True
孰,['孰'],False
崩,['崩'],False
得,['得'],False
寇,['寇'],False
崔,['崔'],False
徙,['徙'],False
寅,['寅'],False
从,['從'],False
寄,['寄'],False
巢,['巢'],False
徘,['徘'],False
寂,['寂'],False
常,['常'],False
御,"['御', '禦']",True
宿,['宿'],False
带,['帶'],False
恿,['恿'],False
密,['密'],False
帐,['帳'],False
患,['患'],False
尉,['尉'],False
帷,['帷'],False
悉,['悉'],False
专,['專'],False
康,['康'],False
悠,['悠'],False
将,['將'],False
庸,['庸'],False
您,['您'],False
屠,['屠'],False
庶,['庶'],False
惋,['惋'],False
屉,['屜'],False
庵,"['庵', '菴']",True
悴,['悴'],False
崇,['崇'],False
庾,['庾'],False
惦,['惦'],False
凄,"['悽', '淒']",True
探,['探'],False
掏,['掏'],False
情,['情'],False
接,['接'],False
掀,['掀'],False
悻,['悻'],False
捷,['捷'],False
捻,"['捻', '撚']",True
怅,['悵'],False
捧,['捧'],False
捩,['捩'],False
惜,['惜'],False
掘,['掘'],False
悼,['悼'],False
措,['措'],False
敝,['敝'],False
惘,['惘'],False
捱,['捱'],False
敖,['敖'],False
惕,['惕'],False
掩,['掩'],False
救,['救'],False
惆,['惆'],False
掉,['掉'],False
教,['教'],False
惟,['惟'],False
扫,['掃'],False
败,['敗'],False
悸,['悸'],False
挂,['掛'],False
启,['啟'],False
惚,['惚'],False
扪,['捫'],False
敏,['敏'],False
戚,"['戚', '慼']",True
推,['推'],False
叙,['敘'],False
戛,['戛'],False
抡,['掄'],False
斜,['斜'],False
扈,['扈'],False
授,['授'],False
斩,['斬'],False
掠,['掠'],False
挣,['掙'],False
族,['族'],False
控,['控'],False
旋,['旋'],False
掬,['掬'],False
旌,['旌'],False
掖,['掖'],False
排,['排'],False
旎,['旎'],False
昼,['晝'],False
梃,['梃'],False
淌,['淌'],False
晚,['晚'],False
弃,['棄'],False
淤,['淤'],False
晤,['晤'],False
梭,['梭'],False
添,['添'],False
晨,['晨'],False
梆,['梆'],False
浅,['淺'],False
晦,['晦'],False
梅,['梅'],False
清,['清'],False
曹,['曹'],False
栀,['梔'],False
淇,['淇'],False
勖,['勗'],False
条,['條'],False
淋,['淋'],False
望,['望'],False
梨,['梨'],False
涯,['涯'],False
梁,['梁'],False
枭,['梟'],False
淑,['淑'],False
梯,['梯'],False
欲,"['欲', '慾']",True
涮,['涮'],False
梢,['梢'],False
杀,['殺'],False
淞,['淞'],False
梓,['梓'],False
毫,['毫'],False
淹,['淹'],False
梵,['梵'],False
氢,['氫'],False
涸,['涸'],False
杆,['桿'],False
涎,['涎'],False
混,['混'],False
桶,['桶'],False
凉,['涼'],False
渊,['淵'],False
淳,['淳'],False
淅,['淅'],False
梧,['梧'],False
淙,['淙'],False
梗,['梗'],False
液,['液'],False
渚,['渚'],False
械,['械'],False
淡,['淡'],False
涵,['涵'],False
泪,['淚'],False
猓,['猓'],False
痊,['痊'],False
淫,['淫'],False
狰,['猙'],False
痔,['痔'],False
淘,['淘'],False
率,['率'],False
痕,['痕'],False
沦,['淪'],False
琅,"['琅', '瑯']",True
疵,['疵'],False
深,['深'],False
琊,['琊'],False
皎,['皎'],False
淮,['淮'],False
球,['球'],False
盔,['盔'],False
净,['淨'],False
理,['理'],False
盒,['盒'],False
淆,['淆'],False
现,['現'],False
盛,['盛'],False
淄,['淄'],False
璃,"['琍', '璃']",True
眷,['眷'],False
烹,['烹'],False
瓠,['瓠'],False
众,['眾'],False
焉,['焉'],False
瓶,['瓶'],False
眼,['眼'],False
焊,['焊'],False
瓷,['瓷'],False
眶,['眶'],False
烽,['烽'],False
甜,['甜'],False
眸,['眸'],False
爽,['爽'],False
产,['產'],False
眺,['眺'],False
牵,['牽'],False
略,['略'],False
硫,['硫'],False
犁,['犁'],False
畦,['畦'],False
猜,['猜'],False
毕,['畢'],False
祥,['祥'],False
猛,['猛'],False
异,['異'],False
票,['票'],False
猖,['猖'],False
疏,['疏'],False
祭,['祭'],False
移,['移'],False
细,['細'],False
舂,['舂'],False
窒,['窒'],False
绅,['紳'],False
舵,['舵'],False
窕,['窕'],False
组,['組'],False
舷,['舷'],False
笠,['笠'],False
累,['累'],False
舶,['舶'],False
笨,['笨'],False
终,['終'],False
船,['船'],False
笛,['笛'],False
钵,['缽'],False
莎,['莎'],False
第,['第'],False
羞,['羞'],False
莞,['莞'],False
符,['符'],False
羚,['羚'],False
莘,['莘'],False
笙,['笙'],False
翌,['翌'],False
荸,['荸'],False
笞,['笞'],False
翎,['翎'],False
荚,['莢'],False
粒,['粒'],False
习,['習'],False
茎,['莖'],False
粗,['粗'],False
耜,['耜'],False
莽,['莽'],False
绊,['絆'],False
聊,['聊'],False
莫,['莫'],False
聆,['聆'],False
莒,['莒'],False
统,['統'],False
脯,['脯'],False
庄,['莊'],False
脖,['脖'],False
莓,['莓'],False
绍,['紹'],False
唇,['脣'],False
莉,['莉'],False
绋,['紼'],False
脱,['脫'],False
莠,['莠'],False
绌,['絀'],False
脩,['脩'],False
荷,['荷'],False
荻,['荻'],False
袍,['袍'],False
贫,['貧'],False
荼,['荼'],False
袋,['袋'],False
赧,['赧'],False
处,['處'],False
觅,['覓'],False
赦,['赦'],False
彪,['彪'],False
规,['規'],False
趾,['趾'],False
蛇,['蛇'],False
访,['訪'],False
轭,['軛'],False
蛀,['蛀'],False
讶,['訝'],False
软,['軟'],False
蚶,['蚶'],False
诀,['訣'],False
这,['這'],False
蛄,['蛄'],False
讷,['訥'],False
逍,['逍'],False
蚵,['蚵'],False
许,['許'],False
通,['通'],False
蛆,['蛆'],False
设,['設'],False
逗,['逗'],False
蛋,['蛋'],False
讼,['訟'],False
连,['連'],False
蚱,['蚱'],False
讹,['訛'],False
速,['速'],False
蚯,['蚯'],False
豉,['豉'],False
逝,['逝'],False
术,['術'],False
豚,['豚'],False
逐,['逐'],False
衮,['袞'],False
贩,['販'],False
迳,['逕'],False
袈,['袈'],False
责,['責'],False
逞,['逞'],False
被,['被'],False
贯,['貫'],False
造,['造'],False
袒,['袒'],False
货,['貨'],False
透,['透'],False
袖,['袖'],False
贪,['貪'],False
逢,['逢'],False
逖,['逖'],False
陶,['陶'],False
傀,['傀'],False
逛,['逛'],False
陷,['陷'],False
伧,['傖'],False
途,['途'],False
雀,['雀'],False
伞,['傘'],False
部,['部'],False
雪,['雪'],False
最,['最'],False
郭,['郭'],False
章,['章'],False
凯,['凱'],False
都,['都'],False
竟,['竟'],False
割,['割'],False
酗,['酗'],False
顶,['頂'],False
剀,['剴'],False
野,['野'],False
顷,['頃'],False
创,['創'],False
钗,['釵'],False
鱼,['魚'],False
剩,['剩'],False
鸟,['鳥'],False
劳,['勞'],False
钓,['釣'],False
鹿,['鹿'],False
胜,['勝'],False
钏,['釧'],False
麦,['麥'],False
勋,['勛'],False
闭,['閉'],False
麻,['麻'],False
博,['博'],False
陪,['陪'],False
厥,['厥'],False
陵,['陵'],False
啻,['啻'],False
陈,['陳'],False
傍,['傍'],False
喀,['喀'],False
陆,['陸'],False
傅,['傅'],False
喧,['喧'],False
阴,['陰'],False
备,['備'],False
啼,['啼'],False
陴,['陴'],False
喊,['喊'],False
喝,['喝'],False
喉,['喉'],False
寒,['寒'],False
喘,['喘'],False
围,['圍'],False
富,['富'],False
喂,"['喂', '餵']",True
尧,['堯'],False
寓,['寓'],False
喜,['喜'],False
堪,['堪'],False
寐,['寐'],False
丧,['喪'],False
场,['場'],False
尊,['尊'],False
喔,['喔'],False
堤,['堤'],False
寻,['尋'],False
喇,['喇'],False
堰,['堰'],False
就,['就'],False
喋,['喋'],False
报,['報'],False
嵌,['嵌'],False
喃,['喃'],False
堡,['堡'],False
岚,['嵐'],False
喳,['喳'],False
壹,['壹'],False
巽,['巽'],False
单,['單'],False
壶,['壺'],False
幅,['幅'],False
喟,['喟'],False
奠,['奠'],False
帽,['帽'],False
唾,['唾'],False
婷,['婷'],False
帧,['幀'],False
哟,['喲'],False
媚,['媚'],False
唤,['喚'],False
婿,['婿'],False
廊,['廊'],False
喻,['喻'],False
媒,['媒'],False
厕,['廁'],False
乔,['喬'],False
媛,['媛'],False
厢,['廂'],False
喱,['喱'],False
孳,['孳'],False
弼,['弼'],False
啾,['啾'],False
孱,['孱'],False
彭,['彭'],False
复,"['復', '複']",True
愉,['愉'],False
捶,['捶'],False
循,['循'],False
愀,['愀'],False
援,['援'],False
徨,['徨'],False
戟,['戟'],False
揪,['揪'],False
惑,['惑'],False
扉,['扉'],False
换,['換'],False
恶,['惡'],False
掣,['掣'],False
摒,['摒'],False
悲,['悲'],False
掌,['掌'],False
扬,['揚'],False
闷,['悶'],False
描,['描'],False
敞,['敞'],False
惠,['惠'],False
拣,['揀'],False
敦,['敦'],False
惬,['愜'],False
揩,['揩'],False
敢,['敢'],False
愣,['愣'],False
揉,['揉'],False
散,['散'],False
惺,['惺'],False
揆,['揆'],False
斑,['斑'],False
愕,['愕'],False
揍,['揍'],False
斐,['斐'],False
惰,['惰'],False
插,['插'],False
斯,['斯'],False
恻,['惻'],False
揣,['揣'],False
普,['普'],False
惴,['惴'],False
提,['提'],False
晰,['晰'],False
慨,['慨'],False
握,['握'],False
晴,['晴'],False
恼,['惱'],False
揖,['揖'],False
晶,['晶'],False
愎,['愎'],False
揭,['揭'],False
景,['景'],False
惶,['惶'],False
挥,['揮'],False
暑,['暑'],False
智,['智'],False
棋,['棋'],False
渡,['渡'],False
曾,['曾'],False
棍,['棍'],False
渲,['渲'],False
替,['替'],False
植,['植'],False
涌,['湧'],False
期,['期'],False
椒,['椒'],False
凑,['湊'],False
朝,['朝'],False
椎,['椎'],False
渠,['渠'],False
棺,['棺'],False
棉,['棉'],False
渥,['渥'],False
棕,['棕'],False
棚,['棚'],False
渣,['渣'],False
棠,['棠'],False
款,['款'],False
减,['減'],False
棘,['棘'],False
欺,['欺'],False
湛,['湛'],False
枣,['棗'],False
钦,['欽'],False
湘,['湘'],False
椅,['椅'],False
残,['殘'],False
渤,['渤'],False
栋,['棟'],False
殖,['殖'],False
湖,['湖'],False
棵,['棵'],False
壳,['殼'],False
湮,['湮'],False
森,['森'],False
毯,['毯'],False
渭,['渭'],False
栈,['棧'],False
氮,['氮'],False
涡,['渦'],False
棹,"['棹', '櫂']",True
氯,['氯'],False
汤,['湯'],False
棒,['棒'],False
港,['港'],False
渴,['渴'],False
栖,['棲'],False
游,"['游', '遊']",True
湍,['湍'],False
棣,['棣'],False
湔,['湔'],False
渺,['渺'],False
测,['測'],False
猴,['猴'],False
痞,['痞'],False
湃,['湃'],False
猩,['猩'],False
登,['登'],False
渝,['渝'],False
珐,['琺'],False
发,"['發', '髮']",True
浑,['渾'],False
琪,['琪'],False
皖,['皖'],False
滋,['滋'],False
琳,['琳'],False
皓,['皓'],False
溉,['溉'],False
琢,['琢'],False
皴,['皴'],False
涣,['渙'],False
琥,['琥'],False
盗,['盜'],False
焙,['焙'],False
琵,['琵'],False
焚,['焚'],False
琶,['琶'],False
短,['短'],False
焦,['焦'],False
琴,['琴'],False
硝,['硝'],False
焰,"['焰', '燄']",True
甥,['甥'],False
硬,['硬'],False
无,['無'],False
苏,"['甦', '蘇', '囌']",True
砚,['硯'],False
然,['然'],False
画,['畫'],False
稍,['稍'],False
煮,['煮'],False
番,['番'],False
秆,['稈'],False
牌,['牌'],False
痢,['痢'],False
程,['程'],False
犄,['犄'],False
痛,['痛'],False
税,['稅'],False
犀,['犀'],False
痣,['痣'],False
稀,['稀'],False
犹,['猶'],False
痉,['痙'],False
窘,['窘'],False
猥,['猥'],False
痘,['痘'],False
窗,['窗'],False
窖,['窖'],False
絮,['絮'],False
菩,['菩'],False
童,['童'],False
丝,['絲'],False
萃,['萃'],False
竣,['竣'],False
络,['絡'],False
烟,"['菸', '煙']",True
等,['等'],False
给,['給'],False
萍,['萍'],False
策,['策'],False
绚,['絢'],False
菠,['菠'],False
笔,['筆'],False
善,['善'],False
菅,['菅'],False
筐,['筐'],False
翔,['翔'],False
萋,['萋'],False
筒,['筒'],False
翕,['翕'],False
菁,['菁'],False
答,['答'],False
肃,['肅'],False
华,['華'],False
笋,['筍'],False
腕,['腕'],False
菱,['菱'],False
筋,['筋'],False
腔,['腔'],False
筏,['筏'],False
腋,['腋'],False
著,['著'],False
粟,['粟'],False
腑,['腑'],False
莱,['萊'],False
粥,['粥'],False
肾,['腎'],False
菰,['菰'],False
绞,['絞'],False
胀,['脹'],False
萌,['萌'],False
结,['結'],False
腆,['腆'],False
菌,['菌'],False
绒,['絨'],False
脾,['脾'],False
菽,['菽'],False
绝,['絕'],False
舒,['舒'],False
菲,['菲'],False
紫,['紫'],False
舜,['舜'],False
菊,['菊'],False
萸,['萸'],False
评,['評'],False
贵,['貴'],False
萎,['萎'],False
词,['詞'],False
买,['買'],False
萄,['萄'],False
证,"['証', '證']",True
贬,['貶'],False
菜,['菜'],False
诂,['詁'],False
贸,['貿'],False
虚,['虛'],False
诏,['詔'],False
贷,['貸'],False
蛟,['蛟'],False
诅,['詛'],False
越,['越'],False
蛙,['蛙'],False
诈,['詐'],False
超,['超'],False
蛭,['蛭'],False
诋,['詆'],False
趁,['趁'],False
蛔,['蛔'],False
诉,['訴'],False
跎,['跎'],False
蛛,['蛛'],False
诊,['診'],False
距,['距'],False
蛤,['蛤'],False
象,['象'],False
跋,['跋'],False
街,['街'],False
貂,['貂'],False
跚,['跚'],False
裁,['裁'],False
贮,['貯'],False
跑,['跑'],False
裂,['裂'],False
贴,['貼'],False
跌,['跌'],False
袱,['袱'],False
贰,['貳'],False
跛,['跛'],False
覃,['覃'],False
贻,['貽'],False
跆,['跆'],False
视,['視'],False
贲,['賁'],False
轲,['軻'],False
费,['費'],False
轴,['軸'],False
咏,['詠'],False
贺,['賀'],False
轶,['軼'],False
辜,['辜'],False
闵,['閔'],False
雇,"['雇', '僱']",True
逮,['逮'],False
闰,['閏'],False
雯,['雯'],False
逵,['逵'],False
开,['開'],False
闲,"['閑', '閒']",True
韧,['韌'],False
逸,['逸'],False
间,['間'],False
项,['項'],False
进,['進'],False
顺,['順'],False
鄂,['鄂'],False
队,['隊'],False
须,"['須', '鬚']",True
邮,['郵'],False
阶,['階'],False
飧,['飧'],False
乡,['鄉'],False
隋,['隋'],False
饪,['飪'],False
酣,['酣'],False
阳,['陽'],False
饭,['飯'],False
酥,['酥'],False
隅,['隅'],False
饨,['飩'],False
量,['量'],False
隆,['隆'],False
饮,['飲'],False
钞,['鈔'],False
隍,['隍'],False
饬,['飭'],False
钙,['鈣'],False
陲,['陲'],False
冯,['馮'],False
钮,['鈕'],False
雁,['雁'],False
驭,['馭'],False
钠,['鈉'],False
雅,['雅'],False
黄,['黃'],False
钧,['鈞'],False
雄,['雄'],False
黍,['黍'],False
钝,['鈍'],False
隽,['雋'],False
黑,['黑'],False
钤,['鈐'],False
集,['集'],False
乱,['亂'],False
嗟,['嗟'],False
塑,['塑'],False
嗨,['嗨'],False
塘,['塘'],False
债,['債'],False
嗓,['嗓'],False
涂,['塗'],False
傲,['傲'],False
嗦,['嗦'],False
传,['傳'],False
吗,['嗎'],False
塔,['塔'],False
仅,['僅'],False
嗜,['嗜'],False
填,['填'],False
倾,['傾'],False
啬,['嗇'],False
塌,['塌'],False
催,['催'],False
嗑,['嗑'],False
塭,['塭'],False
伤,['傷'],False
嗣,['嗣'],False
块,['塊'],False
傻,['傻'],False
嗤,['嗤'],False
坞,['塢'],False
偬,['傯'],False
嗯,['嗯'],False
奥,['奧'],False
剿,"['剿', '勦']",True
呜,['嗚'],False
嫁,['嫁'],False
铲,"['剷', '鏟']",True
嗡,['嗡'],False
嫉,['嫉'],False
剽,['剽'],False
嗅,['嗅'],False
嫌,['嫌'],False
募,['募'],False
呛,['嗆'],False
媾,['媾'],False
嗥,['嗥'],False
妈,['媽'],False
勤,['勤'],False
园,['園'],False
媪,['媼'],False
势,['勢'],False
圆,['圓'],False
媳,['媳'],False
汇,"['匯', '彙']",True
塞,['塞'],False
嫂,['嫂'],False
媲,['媲'],False
慎,['慎'],False
损,['損'],False
嵩,['嵩'],False
慌,['慌'],False
抢,['搶'],False
幌,['幌'],False
摇,['搖'],False
愠,['慍'],False
捣,['搗'],False
廉,['廉'],False
忾,['愾'],False
敬,['敬'],False
厦,['廈'],False
怆,['愴'],False
斟,['斟'],False
弒,['弒'],False
愧,['愧'],False
新,['新'],False
戡,['戡'],False
暗,['暗'],False
戢,['戢'],False
晖,['暉'],False
微,['微'],False
搓,['搓'],False
暇,['暇'],False
愚,['愚'],False
榨,"['搾', '榨']",True
晕,['暈'],False
意,['意'],False
搞,['搞'],False
暖,['暖'],False
慈,['慈'],False
搪,['搪'],False
会,['會'],False
感,['感'],False
搭,['搭'],False
榔,['榔'],False
想,['想'],False
搽,['搽'],False
业,['業'],False
爱,['愛'],False
搬,['搬'],False
楚,['楚'],False
惹,['惹'],False
搏,['搏'],False
楷,['楷'],False
愁,['愁'],False
搜,"['搜', '蒐']",True
楠,['楠'],False
愈,"['愈', '瘉', '癒']",True
搔,['搔'],False
楔,['楔'],False
极,['極'],False
溶,['溶'],False
烦,['煩'],False
椰,['椰'],False
滂,['滂'],False
煤,['煤'],False
概,['概'],False
源,['源'],False
炼,"['煉', '鍊']",True
杨,['楊'],False
沟,['溝'],False
照,['照'],False
桢,['楨'],False
滇,['滇'],False
煜,['煜'],False
楫,['楫'],False
灭,['滅'],False
炀,['煬'],False
楞,['楞'],False
溥,['溥'],False
煦,['煦'],False
枫,['楓'],False
溘,['溘'],False
煌,['煌'],False
楹,['楹'],False
湿,['溼'],False
焕,['煥'],False
榆,['榆'],False
溺,['溺'],False
煞,['煞'],False
歇,['歇'],False
温,['溫'],False
爷,['爺'],False
岁,['歲'],False
滑,['滑'],False
牒,['牒'],False
毁,"['毀', '燬']",True
猷,['猷'],False
殿,['殿'],False
溜,['溜'],False
狮,['獅'],False
毓,['毓'],False
沧,['滄'],False
猿,['猿'],False
毽,['毽'],False
滔,['滔'],False
猾,['猾'],False
溢,['溢'],False
溪,"['溪', '谿']",True
溯,['溯'],False
煎,['煎'],False
瑚,['瑚'],False
滓,['滓'],False
瑕,['瑕'],False
瑟,['瑟'],False
睛,['睛'],False
碑,['碑'],False
瑞,['瑞'],False
睫,['睫'],False
祺,['祺'],False
瑁,['瑁'],False
睦,['睦'],False
禄,['祿'],False
珲,['琿'],False
睐,['睞'],False
禁,['禁'],False
瑙,['瑙'],False
督,['督'],False
万,['萬'],False
瑛,['瑛'],False
睹,['睹'],False
禽,['禽'],False
瑜,['瑜'],False
睪,['睪'],False
棱,['稜'],False
当,"['當', '噹']",True
睬,['睬'],False
稚,['稚'],False
畸,['畸'],False
睁,['睜'],False
稠,['稠'],False
瘀,['瘀'],False
睥,['睥'],False
稔,['稔'],False
痰,['痰'],False
睨,['睨'],False
禀,['稟'],False
瘁,['瘁'],False
矮,['矮'],False
窟,['窟'],False
痲,['痲'],False
碎,['碎'],False
窠,['窠'],False
痱,['痱'],False
碰,"['碰', '踫']",True
筷,['筷'],False
痹,['痺'],False
碗,['碗'],False
节,['節'],False
痿,['痿'],False
碘,['碘'],False
筠,['筠'],False
痴,['痴'],False
碌,['碌'],False
粱,['粱'],False
盏,['盞'],False
碉,['碉'],False
粳,['粳'],False
盟,['盟'],False
硼,['硼'],False
粤,['粵'],False
经,['經'],False
腥,['腥'],False
萼,['萼'],False
绢,['絹'],False
腮,['腮'],False
莴,['萵'],False
脚,['腳'],False
葡,['葡'],False
绑,['綁'],False
肿,['腫'],False
董,['董'],False
绥,['綏'],False
腹,['腹'],False
葩,['葩'],False
置,['置'],False
腺,['腺'],False
虏,['虜'],False
罩,['罩'],False
脑,['腦'],False
虞,['虞'],False
罪,['罪'],False
舅,['舅'],False
号,['號'],False
署,['署'],False
艇,['艇'],False
蛹,['蛹'],False
义,['義'],False
蒂,['蒂'],False
蜓,['蜓'],False
羡,['羨'],False
荤,['葷'],False
蜈,['蜈'],False
群,['群'],False
落,['落'],False
蜇,['蜇'],False
圣,['聖'],False
萱,['萱'],False
蜀,['蜀'],False
聘,['聘'],False
葵,['葵'],False
蛾,['蛾'],False
肆,['肆'],False
苇,['葦'],False
蜕,['蛻'],False
肄,['肄'],False
葫,['葫'],False
蜂,['蜂'],False
腱,['腱'],False
叶,['葉'],False
蜃,['蜃'],False
腰,['腰'],False
葬,['葬'],False
衙,['衙'],False
肠,['腸'],False
葛,['葛'],False
裟,['裟'],False
裔,['裔'],False
话,['話'],False
跟,['跟'],False
裙,['裙'],False
诛,['誅'],False
跨,['跨'],False
补,['補'],False
诡,['詭'],False
路,['路'],False
裘,['裘'],False
询,['詢'],False
跳,['跳'],False
装,['裝'],False
诠,['詮'],False
跺,['跺'],False
诟,['詬'],False
跪,['跪'],False
袅,"['裊', '嬝']",True
詹,['詹'],False
躲,['躲'],False
裕,['裕'],False
豢,['豢'],False
较,['較'],False
解,['解'],False
貊,['貊'],False
载,['載'],False
诧,['詫'],False
貉,['貉'],False
轼,['軾'],False
该,['該'],False
贼,['賊'],False
轾,['輊'],False
详,['詳'],False
资,['資'],False
辟,"['辟', '闢']",True
试,['試'],False
贾,['賈'],False
农,['農'],False
诗,['詩'],False
贿,['賄'],False
运,['運'],False
诘,['詰'],False
赀,['貲'],False
赁,['賃'],False
道,['道'],False
诙,['詼'],False
赂,['賂'],False
遂,['遂'],False
诣,['詣'],False
赅,['賅'],False
达,['達'],False
诚,['誠'],False
迹,['跡'],False
逼,['逼'],False
违,['違'],False
铀,['鈾'],False
预,['預'],False
遐,['遐'],False
铅,['鉛'],False
顽,['頑'],False
遇,['遇'],False
顿,['頓'],False
遏,['遏'],False
钩,['鉤'],False
顼,['頊'],False
过,['過'],False
铂,['鉑'],False
颁,['頒'],False
遍,['遍'],False
铃,['鈴'],False
颂,['頌'],False
遑,['遑'],False
闸,['閘'],False
饲,['飼'],False
逾,['逾'],False
隘,['隘'],False
饴,['飴'],False
遁,['遁'],False
隔,['隔'],False
饱,['飽'],False
邹,['鄒'],False
陨,['隕'],False
饰,['飾'],False
酬,['酬'],False
雍,['雍'],False
驰,['馳'],False
酪,['酪'],False
雉,['雉'],False
驮,['馱'],False
酩,['酩'],False
雷,['雷'],False
驯,['馴'],False
釉,['釉'],False
电,['電'],False
鸠,['鳩'],False
钴,['鈷'],False
雹,['雹'],False
麂,['麂'],False
钳,['鉗'],False
零,['零'],False
鼎,['鼎'],False
钹,['鈸'],False
靖,['靖'],False
鼓,['鼓'],False
钚,['鈽'],False
靴,['靴'],False
鼠,['鼠'],False
钾,['鉀'],False
靶,['靶'],False
僧,['僧'],False
嗽,['嗽'],False
寿,['壽'],False
僮,['僮'],False
呕,['嘔'],False
侥,['僥'],False
叹,['嘆'],False
梦,['夢'],False
僖,['僖'],False
嘉,['嘉'],False
夤,['夤'],False
僭,['僭'],False
喽,['嘍'],False
夺,['奪'],False
僚,['僚'],False
嘎,['嘎'],False
奁,['奩'],False
嗷,['嗷'],False
嫡,['嫡'],False
像,['像'],False
啧,['嘖'],False
嫦,['嫦'],False
侨,['僑'],False
嘟,['嘟'],False
嫩,['嫩'],False
嘈,['嘈'],False
妪,['嫗'],False
兢,['兢'],False
团,['團'],False
嫖,['嫖'],False
凳,['凳'],False
图,['圖'],False
嫘,['嫘'],False
尘,['塵'],False
嫣,['嫣'],False
匮,['匱'],False
塾,['塾'],False
孵,['孵'],False
厌,['厭'],False
境,['境'],False
寞,['寞'],False
嗾,['嗾'],False
墓,['墓'],False
宁,['寧'],False
嘀,['嘀'],False
垫,['墊'],False
寡,['寡'],False
嘛,['嘛'],False
堑,['塹'],False
寥,['寥'],False
尝,"['嘗', '嚐']",True
墅,['墅'],False
实,['實'],False
寨,['寨'],False
敲,['敲'],False
寝,['寢'],False
愿,"['愿', '願']",True
斡,['斡'],False
寤,['寤'],False
态,['態'],False
旗,['旗'],False
察,['察'],False
慷,['慷'],False
旖,['旖'],False
对,['對'],False
慢,['慢'],False
畅,['暢'],False
屡,['屢'],False
惯,['慣'],False
暨,['暨'],False
崭,['嶄'],False
恸,['慟'],False
榜,['榜'],False
岖,['嶇'],False
惭,['慚'],False
幛,['幛'],False
惨,['慘'],False
榕,['榕'],False
币,['幣'],False
截,['截'],False
槁,['槁'],False
幕,['幕'],False
撇,['撇'],False
荣,['榮'],False
帼,['幗'],False
摘,['摘'],False
杠,['槓'],False
幔,['幔'],False
摔,['摔'],False
构,['構'],False
廓,['廓'],False
撤,['撤'],False
榛,['榛'],False
廖,['廖'],False
摸,['摸'],False
榷,['榷'],False
弊,['弊'],False
搂,['摟'],False
榻,['榻'],False
榫,['榫'],False
彰,['彰'],False
掴,['摑'],False
榴,['榴'],False
彻,['徹'],False
摧,['摧'],False
槐,['槐'],False
枪,['槍'],False
滞,['滯'],False
熄,['熄'],False
榭,['榭'],False
漆,['漆'],False
尔,['爾'],False
槌,['槌'],False
漱,['漱'],False
犒,['犒'],False
歉,['歉'],False
渐,['漸'],False
荦,['犖'],False
歌,['歌'],False
涨,['漲'],False
狱,['獄'],False
氲,['氳'],False
涟,['漣'],False
獐,['獐'],False
漳,['漳'],False
漕,['漕'],False
瑶,['瑤'],False
演,['演'],False
漫,['漫'],False
琐,['瑣'],False
滚,['滾'],False
漯,['漯'],False
玛,['瑪'],False
漓,['漓'],False
澈,['澈'],False
瑰,['瑰'],False
滴,['滴'],False
漪,['漪'],False
甄,['甄'],False
漩,['漩'],False
沪,['滬'],False
疑,['疑'],False
漾,['漾'],False
渔,['漁'],False
疟,['瘧'],False
漠,['漠'],False
渗,['滲'],False
疡,['瘍'],False
渍,['漬'],False
涤,['滌'],False
疯,['瘋'],False
漏,['漏'],False
熔,['熔'],False
漂,['漂'],False
熙,['熙'],False
痪,['瘓'],False
汉,['漢'],False
煽,['煽'],False
尽,"['盡', '儘']",True
满,['滿'],False
熊,['熊'],False
监,['監'],False
瞄,['瞄'],False
箕,['箕'],False
纲,['綱'],False
睽,['睽'],False
笺,['箋'],False
绮,['綺'],False
睿,['睿'],False
筵,['筵'],False
绸,['綢'],False
睡,['睡'],False
算,['算'],False
绵,['綿'],False
磁,['磁'],False
箝,['箝'],False
碟,['碟'],False
箔,['箔'],False
纶,['綸'],False
碧,['碧'],False
筝,['箏'],False
维,['維'],False
碳,['碳'],False
粹,['粹'],False
绪,['緒'],False
硕,['碩'],False
粽,['粽'],False
缁,['緇'],False
祯,['禎'],False
精,['精'],False
罚,['罰'],False
福,['福'],False
绽,['綻'],False
翠,['翠'],False
祸,['禍'],False
绾,['綰'],False
翡,['翡'],False
种,['種'],False
综,['綜'],False
翟,['翟'],False
称,['稱'],False
绰,['綽'],False
闻,['聞'],False
洼,['窪'],False
绫,['綾'],False
聚,['聚'],False
窝,['窩'],False
绿,['綠'],False
肇,['肇'],False
竭,['竭'],False
紧,['緊'],False
腐,['腐'],False
端,['端'],False
缀,['綴'],False
膀,['膀'],False
管,['管'],False
网,['網'],False
膏,['膏'],False
膈,['膈'],False
蓓,['蓓'],False
诵,['誦'],False
膊,['膊'],False
腿,['腿'],False
苍,['蒼'],False
语,['語'],False
臧,['臧'],False
蜿,['蜿'],False
诬,['誣'],False
蜜,['蜜'],False
认,['認'],False
与,['與'],False
蜻,['蜻'],False
诫,['誡'],False
舔,['舔'],False
蜢,['蜢'],False
誓,['誓'],False
舞,['舞'],False
蜥,['蜥'],False
误,['誤'],False
蓉,['蓉'],False
蜴,['蜴'],False
说,['說'],False
蒿,['蒿'],False
蜘,['蜘'],False
诰,['誥'],False
蚀,['蝕'],False
诲,['誨'],False
蓄,['蓄'],False
裳,['裳'],False
诱,['誘'],False
蒙,"['蒙', '濛', '矇']",True
褂,['褂'],False
诳,['誑'],False
莅,['蒞'],False
裴,['裴'],False
豪,['豪'],False
蒲,['蒲'],False
裹,['裹'],False
蒜,['蒜'],False
裸,['裸'],False
貌,['貌'],False
盖,['蓋'],False
宾,['賓'],False
蒸,['蒸'],False
裨,['裨'],False
赈,['賑'],False
荪,['蓀'],False
褚,['褚'],False
赊,['賒'],False
赫,['赫'],False
铰,['鉸'],False
需,['需'],False
赵,['趙'],False
铐,['銬'],False
靼,['靼'],False
赶,['趕'],False
银,['銀'],False
鞅,['鞅'],False
铜,['銅'],False
韶,['韶'],False
辅,['輔'],False
铭,['銘'],False
颇,['頗'],False
辄,['輒'],False
铢,['銖'],False
领,['領'],False
轻,['輕'],False
铬,['鉻'],False
飒,['颯'],False
铨,['銓'],False
辣,['辣'],False
饺,['餃'],False
远,['遠'],False
阂,['閡'],False
饼,['餅'],False
遘,['遘'],False
闺,['閨'],False
饵,['餌'],False
逊,['遜'],False
闽,['閩'],False
饷,['餉'],False
遣,['遣'],False
阁,['閣'],False
驳,['駁'],False
遥,['遙'],False
阀,['閥'],False
肮,['骯'],False
递,['遞'],False
骰,['骰'],False
鄙,['鄙'],False
隙,['隙'],False
髦,['髦'],False
酵,['酵'],False
障,['障'],False
魁,['魁'],False
酸,['酸'],False
际,['際'],False
魂,['魂'],False
酷,['酷'],False
雌,['雌'],False
鸣,['鳴'],False
鸢,['鳶'],False
厉,['厲'],False
堕,['墮'],False
凤,['鳳'],False
唠,['嘮'],False
嬉,['嬉'],False
嘻,['嘻'],False
娴,['嫻'],False
鼻,['鼻'],False
嘹,['嘹'],False
婵,['嬋'],False
齐,['齊'],False
嘲,['嘲'],False
妩,['嫵'],False
嘿,['嘿'],False
娇,['嬌'],False
亿,['億'],False
哗,"['嘩', '譁']",True
寮,['寮'],False
仪,['儀'],False
嘘,['噓'],False
宽,['寬'],False
僻,['僻'],False
噎,['噎'],False
审,['審'],False
僵,['僵'],False
噗,['噗'],False
写,['寫'],False
价,['價'],False
喷,['噴'],False
层,['層'],False
侬,['儂'],False
嘶,['嘶'],False
履,['履'],False
侩,['儈'],False
啸,['嘯'],False
嶝,['嶝'],False
俭,['儉'],False
叽,['嘰'],False
幢,['幢'],False
凛,['凜'],False
墀,['墀'],False
帜,['幟'],False
剧,['劇'],False
墟,['墟'],False
废,['廢'],False
劈,['劈'],False
增,['增'],False
厨,['廚'],False
刘,['劉'],False
坟,['墳'],False
庙,['廟'],False
剑,['劍'],False
坠,['墜'],False
厮,['廝'],False
广,['廣'],False
憎,['憎'],False
撮,['撮'],False
厂,['廠'],False
憬,['憬'],False
播,['播'],False
弹,['彈'],False
惮,['憚'],False
抚,['撫'],False
影,['影'],False
愤,['憤'],False
德,['德'],False
憔,['憔'],False
撬,['撬'],False
戮,['戮'],False
敌,['敵'],False
庆,['慶'],False
摩,['摩'],False
敷,['敷'],False
慧,['慧'],False
挚,['摯'],False
数,['數'],False
虑,['慮'],False
摹,['摹'],False
暮,['暮'],False
慝,['慝'],False
撞,['撞'],False
暂,['暫'],False
慕,['慕'],False
扑,['撲'],False
暴,['暴'],False
忧,['憂'],False
捞,['撈'],False
样,['樣'],False
撑,['撐'],False
樟,['樟'],False
慰,['慰'],False
撰,['撰'],False
椁,['槨'],False
怂,['慫'],False
拨,['撥'],False
桩,['樁'],False
挠,['撓'],False
枢,['樞'],False
憧,['憧'],False
撕,['撕'],False
标,['標'],False
怜,['憐'],False
撩,['撩'],False
槽,['槽'],False
悯,['憫'],False
撒,['撒'],False
模,['模'],False
楼,['樓'],False
潮,['潮'],False
瘩,['瘩'],False
樊,['樊'],False
澎,['澎'],False
瘟,['瘟'],False
桨,['槳'],False
潺,['潺'],False
瘤,['瘤'],False
乐,['樂'],False
溃,['潰'],False
瘦,['瘦'],False
枞,['樅'],False
润,['潤'],False
疮,['瘡'],False
欧,['歐'],False
涧,['澗'],False
皑,['皚'],False
殇,['殤'],False
潘,['潘'],False
皱,['皺'],False
毅,['毅'],False
熟,['熟'],False
盘,['盤'],False
殴,['毆'],False
熬,['熬'],False
瞎,['瞎'],False
浆,['漿'],False
热,['熱'],False
眯,['瞇'],False
潼,['潼'],False
熨,['熨'],False
瞌,['瞌'],False
澄,['澄'],False
牖,['牖'],False
瞑,['瞑'],False
泼,['潑'],False
牦,['犛'],False
磋,['磋'],False
潦,['潦'],False
奖,['獎'],False
磅,['磅'],False
洁,['潔'],False
獗,['獗'],False
确,['確'],False
浇,['澆'],False
莹,['瑩'],False
磊,['磊'],False
潭,['潭'],False
璋,['璋'],False
碾,['碾'],False
潜,['潛'],False
磕,['磕'],False
潸,['潸'],False
瘠,['瘠'],False
码,['碼'],False
磐,['磐'],False
纬,['緯'],False
肤,['膚'],False
稿,['稿'],False
蔗,['蔗'],False
稼,['稼'],False
缄,['緘'],False
蔽,['蔽'],False
缅,['緬'],False
蔚,['蔚'],False
稽,['稽'],False
缉,['緝'],False
莲,['蓮'],False
稷,['稷'],False
编,['編'],False
蔬,['蔬'],False
稻,['稻'],False
缘,['緣'],False
荫,['蔭'],False
窑,['窯'],False
缐,['線'],False
蔓,['蔓'],False
穷,['窮'],False
缎,['緞'],False
蔑,['蔑'],False
箭,['箭'],False
缓,['緩'],False
蒋,['蔣'],False
箱,['箱'],False
缍,['綞'],False
蔡,['蔡'],False
骂,['罵'],False
箴,['箴'],False
罢,['罷'],False
蓬,['蓬'],False
篆,['篆'],False
羯,['羯'],False
葱,['蔥'],False
篇,['篇'],False
翩,['翩'],False
蓿,['蓿'],False
篁,['篁'],False
膛,['膛'],False
螂,['螂'],False
糊,['糊'],False
膜,['膜'],False
蝴,['蝴'],False
缔,['締'],False
膝,['膝'],False
蝶,['蝶'],False
练,['練'],False
胶,['膠'],False
蝠,['蝠'],False
虾,['蝦'],False
课,['課'],False
质,['質'],False
蜗,['蝸'],False
诿,['諉'],False
赭,['赭'],False
谄,['諂'],False
趟,['趟'],False
蝙,['蝙'],False
调,['調'],False
趣,['趣'],False
蝗,['蝗'],False
谁,['誰'],False
蝌,['蝌'],False
论,['論'],False
践,['踐'],False
卫,['衛'],False
诤,['諍'],False
踝,['踝'],False
豌,['豌'],False
踢,['踢'],False
褐,['褐'],False
竖,['豎'],False
踏,['踏'],False
猪,['豬'],False
踩,['踩'],False
褒,['褒'],False
赔,['賠'],False
踟,['踟'],False
褓,['褓'],False
赏,['賞'],False
躺,['躺'],False
谊,['誼'],False
赋,['賦'],False
辉,['輝'],False
谅,['諒'],False
贱,['賤'],False
辆,['輛'],False
谈,['談'],False
账,['賬'],False
辍,['輟'],False
谆,['諄'],False
赌,['賭'],False
辈,['輩'],False
诞,['誕'],False
贤,['賢'],False
辇,['輦'],False
请,['請'],False
卖,['賣'],False
轮,['輪'],False
诸,['諸'],False
赐,['賜'],False
辎,['輜'],False
适,['適'],False
锐,['銳'],False
驼,['駝'],False
遮,['遮'],False
锉,['銼'],False
驻,['駐'],False
遨,['遨'],False
锋,['鋒'],False
驷,['駟'],False
遭,['遭'],False
闾,['閭'],False
驶,['駛'],False
迁,['遷'],False
阅,['閱'],False
驽,['駑'],False
邻,['鄰'],False
霄,['霄'],False
驾,['駕'],False
郑,['鄭'],False
霆,['霆'],False
驹,['駒'],False
邓,['鄧'],False
震,['震'],False
驸,['駙'],False
鄱,['鄱'],False
霉,"['霉', '黴']",True
骷,['骷'],False
醇,['醇'],False
靠,['靠'],False
醉,['醉'],False
鞍,['鞍'],False
髯,['髯'],False
醋,['醋'],False
鞋,['鞋'],False
闹,['鬧'],False
腌,['醃'],False
巩,['鞏'],False
魅,['魅'],False
锌,['鋅'],False
颉,['頡'],False
魄,['魄'],False
锑,['銻'],False
鱿,['魷'],False
销,['銷'],False
养,['養'],False
鲁,['魯'],False
铺,['鋪'],False
饿,['餓'],False
鸩,['鴆'],False
锄,['鋤'],False
馁,['餒'],False
鸦,['鴉'],False
铝,['鋁'],False
麸,['麩'],False
麾,['麾'],False
噪,['噪'],False
惫,['憊'],False
黎,['黎'],False
器,['器'],False
懔,['懍'],False
墨,['墨'],False
哝,['噥'],False
忆,['憶'],False
齿,['齒'],False
噱,['噱'],False
憾,['憾'],False
嗳,['噯'],False
懂,['懂'],False
儒,['儒'],False
噬,['噬'],False
懊,['懊'],False
噢,['噢'],False
懈,['懈'],False
俦,['儔'],False
壁,['壁'],False
战,['戰'],False
傧,['儐'],False
垦,['墾'],False
擅,['擅'],False
冀,['冀'],False
坛,"['壇', '罈']",True
拥,['擁'],False
凝,['凝'],False
壅,['壅'],False
挡,['擋'],False
剂,['劑'],False
奋,['奮'],False
挞,['撻'],False
噙,['噙'],False
撼,['撼'],False
噫,['噫'],False
嬴,['嬴'],False
据,['據'],False
学,['學'],False
掳,['擄'],False
噩,['噩'],False
导,['導'],False
择,['擇'],False
噤,['噤'],False
宪,['憲'],False
擂,['擂'],False
吨,['噸'],False
凭,['憑'],False
操,['操'],False
嘴,['嘴'],False
憩,['憩'],False
捡,['撿'],False
擒,['擒'],False
机,['機'],False
熹,['熹'],False
担,['擔'],False
歙,['歙'],False
燎,['燎'],False
整,['整'],False
历,"['歷', '曆']",True
烫,['燙'],False
濂,['濂'],False
焖,['燜'],False
晓,['曉'],False
淀,['澱'],False
燃,['燃'],False
暹,['暹'],False
澡,['澡'],False
樽,['樽'],False
浓,['濃'],False
独,['獨'],False
泽,['澤'],False
璜,['璜'],False
桦,['樺'],False
浊,['濁'],False
玑,['璣'],False
橙,['橙'],False
澧,['澧'],False
瓢,['瓢'],False
横,['橫'],False
澳,['澳'],False
瓯,['甌'],False
橘,['橘'],False
激,['激'],False
瘴,['瘴'],False
树,['樹'],False
澹,['澹'],False
瘸,['瘸'],False
橄,['橄'],False
炽,['熾'],False
卢,['盧'],False
椭,['橢'],False
炖,['燉'],False
盥,['盥'],False
橡,['橡'],False
磷,"['燐', '磷']",True
瞠,['瞠'],False
桥,['橋'],False
烧,['燒'],False
瞒,['瞞'],False
橇,['橇'],False
灯,['燈'],False
瞟,['瞟'],False
樵,['樵'],False
燕,['燕'],False
瞥,['瞥'],False
磨,['磨'],False
缣,['縑'],False
荡,"['蕩', '盪']",True
砖,['磚'],False
萦,['縈'],False
蕃,['蕃'],False
磬,['磬'],False
缚,['縛'],False
蕉,['蕉'],False
县,['縣'],False
萧,['蕭'],False
积,['積'],False
罹,['罹'],False
芜,['蕪'],False
颖,['穎'],False
羲,['羲'],False
螃,['螃'],False
穆,['穆'],False
翰,['翰'],False
螟,['螟'],False
稣,['穌'],False
翱,['翱'],False
蚂,['螞'],False
窥,['窺'],False
膳,['膳'],False
萤,['螢'],False
篙,['篙'],False
腻,['膩'],False
融,['融'],False
蓑,['簑'],False
膨,['膨'],False
衡,['衡'],False
筑,['築'],False
臻,['臻'],False
褪,['褪'],False
笃,['篤'],False
兴,['興'],False
裤,['褲'],False
箬,['篛'],False
艘,['艘'],False
褥,['褥'],False
篡,['篡'],False
舱,['艙'],False
褫,['褫'],False
筛,['篩'],False
蕊,['蕊'],False
亲,['親'],False
糕,['糕'],False
蕙,['蕙'],False
觎,['覦'],False
糖,['糖'],False
蕈,['蕈'],False
谛,['諦'],False
缢,['縊'],False
蕨,['蕨'],False
谚,['諺'],False
谏,['諫'],False
踵,['踵'],False
钢,['鋼'],False
讳,['諱'],False
辐,['輻'],False
锡,['錫'],False
谋,['謀'],False
辑,['輯'],False
录,['錄'],False
谍,['諜'],False
输,['輸'],False
铮,['錚'],False
谐,['諧'],False
辨,['辨'],False
锥,['錐'],False
谘,['諮'],False
办,['辦'],False
锦,['錦'],False
诺,['諾'],False
遵,['遵'],False
阎,['閻'],False
谒,['謁'],False
遴,['遴'],False
隧,['隧'],False
谓,['謂'],False
选,['選'],False
随,['隨'],False
讽,['諷'],False
迟,['遲'],False
险,['險'],False
谕,['諭'],False
辽,['遼'],False
豫,['豫'],False
遗,['遺'],False
霎,['霎'],False
猫,['貓'],False
醒,['醒'],False
赖,['賴'],False
锭,['錠'],False
霖,['霖'],False
蹄,['蹄'],False
霍,['霍'],False
踱,['踱'],False
锯,['鋸'],False
霓,['霓'],False
踊,['踴'],False
锰,['錳'],False
霏,['霏'],False
蹂,['蹂'],False
错,['錯'],False
靛,['靛'],False
踹,['踹'],False
钱,['錢'],False
静,['靜'],False
髻,['髻'],False
励,['勵'],False
鞘,['鞘'],False
髭,['髭'],False
嚎,['嚎'],False
颊,['頰'],False
咛,['嚀'],False
颈,['頸'],False
鲍,['鮑'],False
频,['頻'],False
鸵,['鴕'],False
嚅,['嚅'],False
颔,['頷'],False
鸪,['鴣'],False
吓,['嚇'],False
头,['頭'],False
鸯,['鴦'],False
嚏,['嚏'],False
颓,['頹'],False
鸭,['鴨'],False
壕,['壕'],False
颐,['頤'],False
鸰,['鴒'],False
压,['壓'],False
餐,['餐'],False
鸳,['鴛'],False
壑,['壑'],False
馆,['館'],False
默,['默'],False
婴,['嬰'],False
饯,['餞'],False
黔,['黔'],False
嫔,['嬪'],False
馄,['餛'],False
龙,['龍'],False
嬷,['嬤'],False
馅,['餡'],False
龟,['龜'],False
孺,['孺'],False
骇,['駭'],False
尴,['尷'],False
骈,['駢'],False
优,['優'],False
屿,['嶼'],False
骆,['駱'],False
偿,['償'],False
岭,['嶺'],False
骸,['骸'],False
儡,['儡'],False
骼,['骼'],False
储,['儲'],False
帮,['幫'],False
弥,"['彌', '瀰']",True
檀,['檀'],False
营,['營'],False
徽,['徽'],False
档,['檔'],False
燮,['燮'],False
应,['應'],False
檄,['檄'],False
灿,['燦'],False
恳,['懇'],False
检,['檢'],False
燥,['燥'],False
懦,['懦'],False
桧,['檜'],False
烛,['燭'],False
戏,['戲'],False
栉,['櫛'],False
戴,['戴'],False
殓,['殮'],False
烩,['燴'],False
擎,['擎'],False
泞,['濘'],False
爵,['爵'],False
击,['擊'],False
滨,['濱'],False
墙,['牆'],False
擘,['擘'],False
济,['濟'],False
狞,['獰'],False
挤,['擠'],False
濠,['濠'],False
获,"['獲', '穫']",True
拧,['擰'],False
璩,['璩'],False
擦,['擦'],False
涛,['濤'],False
环,['環'],False
拟,['擬'],False
滥,['濫'],False
瑷,['璦'],False
搁,['擱'],False
濯,['濯'],False
痨,['癆'],False
敛,['斂'],False
涩,['澀'],False
疗,['療'],False
毙,['斃'],False
癌,['癌'],False
曙,['曙'],False
濡,['濡'],False
暧,['曖'],False
燧,['燧'],False
瞳,['瞳'],False
瞪,['瞪'],False
糜,['糜'],False
聱,['聱'],False
瞰,['瞰'],False
粪,['糞'],False
声,['聲'],False
瞬,['瞬'],False
糢,['糢'],False
聪,['聰'],False
瞧,['瞧'],False
糟,['糟'],False
联,['聯'],False
糙,['糙'],False
耸,['聳'],False
矫,['矯'],False
缩,['縮'],False
臆,['臆'],False
绩,['績'],False
臃,['臃'],False
磺,['磺'],False
缪,['繆'],False
膺,['膺'],False
磴,['磴'],False
缕,['縷'],False
臂,['臂'],False
矶,['磯'],False
缧,['縲'],False
臀,['臀'],False
礁,['礁'],False
绷,['繃'],False
脓,['膿'],False
禧,['禧'],False
缝,['縫'],False
胆,['膽'],False
禅,['禪'],False
总,['總'],False
脸,['臉'],False
穗,['穗'],False
纵,['縱'],False
脍,['膾'],False
簇,['簇'],False
缫,['繅'],False
临,['臨'],False
篓,['簍'],False
繁,['繁'],False
举,['舉'],False
篾,['篾'],False
罄,['罄'],False
艰,['艱'],False
篷,['篷'],False
翳,['翳'],False
薪,['薪'],False
糠,['糠'],False
翼,['翼'],False
薄,['薄'],False
蕾,['蕾'],False
褶,['褶'],False
蹋,['蹋'],False
薜,['薜'],False
襄,['襄'],False
蹈,['蹈'],False
褛,['褸'],False
蹊,['蹊'],False
蔷,['薔'],False
觊,['覬'],False
辖,['轄'],False
薯,['薯'],False
谜,['謎'],False
辗,['輾'],False
薛,['薛'],False
谤,['謗'],False
薇,['薇'],False
谦,['謙'],False
辕,['轅'],False
亏,['虧'],False
讲,['講'],False
舆,['輿'],False
蟀,['蟀'],False
谎,['謊'],False
避,['避'],False
蟑,['蟑'],False
谣,['謠'],False
遽,['遽'],False
螳,['螳'],False
谢,['謝'],False
还,['還'],False
蟒,['蟒'],False
誊,['謄'],False
迈,['邁'],False
蟆,['蟆'],False
豁,['豁'],False
邂,['邂'],False
螫,['螫'],False
邀,['邀'],False
蝼,['螻'],False
赚,['賺'],False
鄹,['鄹'],False
螺,['螺'],False
赛,['賽'],False
醣,['醣'],False
蝈,['蟈'],False
购,['購'],False
酝,['醞'],False
蟋,['蟋'],False
趋,['趨'],False
亵,['褻'],False
蹉,['蹉'],False
镀,['鍍'],False
镁,['鎂'],False
虽,['雖'],False
黝,['黝'],False
锚,['錨'],False
霜,['霜'],False
黛,['黛'],False
键,['鍵'],False
霞,['霞'],False
鼾,['鼾'],False
鞠,['鞠'],False
斋,['齋'],False
锲,['鍥'],False
韩,['韓'],False
锅,['鍋'],False
颗,['顆'],False
丛,['叢'],False
锤,['錘'],False
飓,['颶'],False
噜,['嚕'],False
钟,"['鍾', '鐘']",True
骋,['騁'],False
圹,['壙'],False
锹,['鍬'],False
骏,['駿'],False
垒,['壘'],False
锻,['鍛'],False
鲜,['鮮'],False
婶,['嬸'],False
锾,['鍰'],False
鲛,['鮫'],False
彝,['彝'],False
阔,['闊'],False
鲔,['鮪'],False
懑,['懣'],False
阕,['闋'],False
鸿,['鴻'],False
戳,['戳'],False
阑,['闌'],False
鸽,['鴿'],False
扩,['擴'],False
闱,['闈'],False
麋,['麋'],False
掷,['擲'],False
黏,['黏'],False
扰,['擾'],False
隐,['隱'],False
点,['點'],False
撵,['攆'],False
隶,['隸'],False
黜,['黜'],False
摆,['擺'],False
擞,['擻'],False
熏,['燻'],False
簪,['簪'],False
断,['斷'],False
犷,['獷'],False
箪,['簞'],False
朦,['朦'],False
猎,['獵'],False
篑,['簣'],False
槟,['檳'],False
璧,['璧'],False
简,['簡'],False
檬,['檬'],False
瓮,['甕'],False
粮,['糧'],False
柜,['櫃'],False
癖,['癖'],False
织,['織'],False
槛,['檻'],False
疠,['癘'],False
缮,['繕'],False
柠,['檸'],False
绕,['繞'],False
瞽,['瞽'],False
缭,['繚'],False
欤,['歟'],False
瞿,['瞿'],False
绣,['繡'],False
归,['歸'],False
瞻,['瞻'],False
殡,['殯'],False
础,['礎'],False
翘,['翹'],False
泻,['瀉'],False
礼,['禮'],False
翻,['翻'],False
穑,['穡'],False
职,['職'],False
滤,['濾'],False
秽,['穢'],False
聂,['聶'],False
渎,['瀆'],False
窜,['竄'],False
脐,['臍'],False
溅,['濺'],False
窍,['竅'],False
膑,['臏'],False
瀑,['瀑'],False
箫,['簫'],False
旧,['舊'],False
浏,['瀏'],False
簧,['簧'],False
藏,['藏'],False
萨,['薩'],False
踪,['蹤'],False
雏,['雛'],False
蓝,['藍'],False
躯,['軀'],False
鸡,['雞'],False
藐,['藐'],False
转,['轉'],False
鞣,['鞣'],False
辙,['轍'],False
薰,['薰'],False
迩,['邇'],False
鞭,['鞭'],False
蛲,['蟯'],False
医,['醫'],False
额,['額'],False
蝉,['蟬'],False
酱,['醬'],False
颜,['顏'],False
厘,['釐'],False
题,['題'],False
覆,['覆'],False
镕,['鎔'],False
颚,['顎'],False
觐,['覲'],False
镑,['鎊'],False
颛,['顓'],False
觞,['觴'],False
锁,['鎖'],False
飏,['颺'],False
谟,['謨'],False
钨,['鎢'],False
馏,['餾'],False
谨,['謹'],False
镍,['鎳'],False
馊,['餿'],False
谬,['謬'],False
镇,['鎮'],False
馈,['餽'],False
丰,['豐'],False
阖,['闔'],False
馥,['馥'],False
赘,['贅'],False
闯,['闖'],False
骑,['騎'],False
蹙,['蹙'],False
阗,['闐'],False
鬃,['鬃'],False
蹒,['蹣'],False
杂,['雜'],False
蹦,['蹦'],False
双,['雙'],False
魏,['魏'],False
鲨,['鯊'],False
怀,['懷'],False
牍,['牘'],False
鲤,['鯉'],False
懒,['懶'],False
犊,['犢'],False
鲫,['鯽'],False
懵,['懵'],False
兽,['獸'],False
鹃,['鵑'],False
攀,['攀'],False
獭,['獺'],False
鹅,['鵝'],False
拢,['攏'],False
玺,['璽'],False
鹄,['鵠'],False
旷,['曠'],False
琼,['瓊'],False
黠,['黠'],False
曝,['曝'],False
瓣,['瓣'],False
橱,['櫥'],False
畴,['疇'],False
鼬,['鼬'],False
椟,['櫝'],False
疆,['疆'],False
榈,['櫚'],False
橹,['櫓'],False
碍,['礙'],False
咙,['嚨'],False
瀛,['瀛'],False
祷,['禱'],False
潇,['瀟'],False
垄,['壟'],False
濑,['瀨'],False
稳,['穩'],False
坜,['壢'],False
瀚,['瀚'],False
宠,['寵'],False
沥,['瀝'],False
簿,['簿'],False
庞,['龐'],False
濒,['瀕'],False
簸,['簸'],False
庐,['廬'],False
爆,['爆'],False
签,"['簽', '籤']",True
惩,['懲'],False
烁,['爍'],False
檐,['簷'],False
蟹,['蟹'],False
辚,['轔'],False
茧,['繭'],False
裆,['襠'],False
轿,['轎'],False
绎,['繹'],False
襟,['襟'],False
辞,['辭'],False
绳,['繩'],False
袄,['襖'],False
边,['邊'],False
绘,['繪'],False
镜,['鏡'],False
罗,['羅'],False
谱,['譜'],False
镝,['鏑'],False
膻,['羶'],False
识,['識'],False
羹,['羹'],False
镞,['鏃'],False
羸,['羸'],False
谭,['譚'],False
链,['鏈'],False
腊,['臘'],False
谲,['譎'],False
镗,['鏜'],False
藩,['藩'],False
讥,['譏'],False
镘,['鏝'],False
艺,['藝'],False
赠,['贈'],False
鏖,['鏖'],False
薮,['藪'],False
赞,"['贊', '讚']",True
镖,['鏢'],False
藕,['藕'],False
蹼,['蹼'],False
镙,['鏍'],False
藤,"['藤', '籐']",True
蹲,['蹲'],False
锵,['鏘'],False
药,['藥'],False
躇,['躇'],False
镂,['鏤'],False
蚁,['蟻'],False
蹶,['蹶'],False
铿,['鏗'],False
蝇,['蠅'],False
蹬,['蹬'],False
关,['關'],False
蝎,['蠍'],False
跷,['蹺'],False
陇,['隴'],False
离,['離'],False
鹊,['鵲'],False
攘,['攘'],False
难,['難'],False
鹌,['鵪'],False
拦,['攔'],False
霪,['霪'],False
鹏,['鵬'],False
搀,['攙'],False
雾,['霧'],False
麒,['麒'],False
曦,['曦'],False
靡,['靡'],False
丽,['麗'],False
胧,['朧'],False
韬,['韜'],False
麓,['麓'],False
澜,['瀾'],False
韵,['韻'],False
麹,['麴'],False
类,['類'],False
炉,['爐'],False
劝,['勸'],False
牺,['犧'],False
颠,['顛'],False
嚷,['嚷'],False
献,['獻'],False
飕,['颼'],False
嘤,['嚶'],False
珑,['瓏'],False
馒,['饅'],False
严,['嚴'],False
痒,['癢'],False
骛,['騖'],False
嚼,['嚼'],False
骗,['騙'],False
壤,['壤'],False
矿,['礦'],False
孀,['孀'],False
砺,['礪'],False
鲸,['鯨'],False
孽,['孽'],False
矾,['礬'],False
鲳,['鯧'],False
宝,['寶'],False
砾,['礫'],False
鹑,['鶉'],False
悬,['懸'],False
窦,['竇'],False
鹉,['鵡'],False
忏,['懺'],False
竞,['競'],False
筹,['籌'],False
蕴,['蘊'],False
锈,['鏽'],False
篮,['籃'],False
蚝,['蠔'],False
阐,['闡'],False
籍,['籍'],False
蠕,['蠕'],False
飘,['飄'],False
糯,['糯'],False
褴,['襤'],False
饶,['饒'],False
辫,['辮'],False
觉,['覺'],False
缤,['繽'],False
触,['觸'],False
馨,['馨'],False
继,['繼'],False
议,['議'],False
骞,['騫'],False
纂,['纂'],False
譬,['譬'],False
腾,['騰'],False
耀,['耀'],False
警,['警'],False
骚,['騷'],False
胪,['臚'],False
译,['譯'],False
鳃,['鰓'],False
舰,['艦'],False
赢,['贏'],False
鳅,['鰍'],False
藻,['藻'],False
赡,['贍'],False
蔼,['藹'],False
趸,['躉'],False
蘑,['蘑'],False
躁,['躁'],False
党,['黨'],False
蔺,['藺'],False
躅,['躅'],False
龃,['齟'],False
芦,['蘆'],False
跶,['躂'],False
释,['釋'],False
龄,['齡'],False
铙,['鐃'],False
俪,['儷'],False
嗫,['囁'],False
续,['續'],False
镰,['鐮'],False
啭,['囀'],False
蘗,['蘗'],False
镭,['鐳'],False
嚣,['囂'],False
兰,['蘭'],False
铁,['鐵'],False
夔,['夔'],False
藓,['蘚'],False
铛,['鐺'],False
属,['屬'],False
蛎,['蠣'],False
铎,['鐸'],False
巍,['巍'],False
蠢,['蠢'],False
镯,['鐲'],False
惧,['懼'],False
蠡,['蠡'],False
慑,['懾'],False
蜡,['蠟'],False
霸,['霸'],False
摄,['攝'],False
袜,['襪'],False
霹,['霹'],False
携,['攜'],False
览,['覽'],False
露,['露'],False
樱,['櫻'],False
谴,['譴'],False
响,['響'],False
栏,['欄'],False
护,['護'],False
顾,['顧'],False
歼,['殲'],False
誉,['譽'],False
驱,['驅'],False
灌,['灌'],False
赃,['贓'],False
骠,['驃'],False
烂,['爛'],False
踌,['躊'],False
蓦,['驀'],False
癞,['癩'],False
跃,['躍'],False
骡,['騾'],False
眬,['矓'],False
轰,['轟'],False
髅,['髏'],False
辩,['辯'],False
魔,['魔'],False
缠,['纏'],False
醺,['醺'],False
鳍,['鰭'],False
鳏,['鰥'],False
摊,['攤'],False
踯,['躑'],False
莺,['鶯'],False
权,['權'],False
辔,['轡'],False
鹤,['鶴'],False
欢,['歡'],False
铸,['鑄'],False
鹞,['鷂'],False
洒,['灑'],False
鉴,"['鑑', '鑒']",True
麝,['麝'],False
滩,['灘'],False
黯,['黯'],False
猡,['玀'],False
霁,['霽'],False
鼙,['鼙'],False
叠,['疊'],False
霾,['霾'],False
龇,['齜'],False
瘾,['癮'],False
鞑,['韃'],False
龈,['齦'],False
癣,['癬'],False
缰,['韁'],False
笼,['籠'],False
颤,['顫'],False
俨,['儼'],False
籁,['籟'],False
骄,['驕'],False
呓,['囈'],False
聋,['聾'],False
囊,['囊'],False
听,['聽'],False
鳖,['鱉'],False
啰,['囉'],False
脏,"['臟', '髒']",True
鲢,['鰱'],False
孪,['孿'],False
袭,['襲'],False
鳔,['鰾'],False
巅,['巔'],False
衬,['襯'],False
鳗,['鰻'],False
峦,['巒'],False
读,['讀'],False
鹧,['鷓'],False
弯,['彎'],False
赎,['贖'],False
鸥,['鷗'],False
懿,['懿'],False
赝,['贗'],False
鼹,['鼴'],False
龉,['齬'],False
逻,['邏'],False
嘱,['囑'],False
龊,['齪'],False
镳,['鑣'],False
坝,['壩'],False
龚,['龔'],False
铄,['鑠'],False
揽,['攬'],False
靥,['靨'],False
瘫,['癱'],False
显,['顯'],False
癫,['癲'],False
餍,['饜'],False
矗,['矗'],False
恋,['戀'],False
惊,['驚'],False
罐,['罐'],False
挛,['攣'],False
驿,['驛'],False
羁,['羈'],False
攫,['攫'],False
验,['驗'],False
蚕,['蠶'],False
搅,['攪'],False
蠹,['蠹'],False
窃,['竊'],False
髓,['髓'],False
衢,['衢'],False
体,['體'],False
让,['讓'],False
缨,['纓'],False
鳝,['鱔'],False
谗,['讒'],False
纤,['纖'],False
鳞,['鱗'],False
谶,['讖'],False
蘸,['蘸'],False
鳜,['鱖'],False
赣,['贛'],False
萝,['蘿'],False
鸶,['鷥'],False
酿,['釀'],False
蛊,['蠱'],False
麟,['麟'],False
雳,['靂'],False
变,['變'],False
灵,['靈'],False
逦,['邐'],False
霭,['靄'],False
观,['觀'],False
鳄,['鱷'],False
颦,['顰'],False
蹑,['躡'],False
鲈,['鱸'],False
骤,['驟'],False
衅,['釁'],False
黩,['黷'],False
鬓,['鬢'],False
镶,['鑲'],False
魇,['魘'],False
钥,['鑰'],False
艳,['豔'],False
鹰,['鷹'],False
颅,['顱'],False
凿,['鑿'],False
鹭,['鷺'],False
馋,['饞'],False
鹦,['鸚'],False
硷,['鹼'],False
盐,['鹽'],False
滦,['灤'],False
爨,['爨'],False
鳌,['鼇'],False
瞩,['矚'],False
骊,['驪'],False
龌,['齷'],False
龋,['齲'],False
驴,['驢'],False
骥,['驥'],False
鸾,['鸞'],False
厅,['廳'],False
榄,['欖'],False
缆,['纜'],False
湾,['灣'],False
躏,['躪'],False
篱,['籬'],False
钻,['鑽'],False
箩,['籮'],False
銮,['鑾'],False
蛮,['蠻'],False
锣,['鑼'],False
